Sku,Descripcion,Valor,Tipo,Laboratorio
21776,PROVERA 5MG TABLETAS,7686,Marca,PFIZER S.A.S.
27076,MICROGYNON 30,5250,Marca,TECNOFARMA COLOMBIA S.A.S.
27076,MICROGYNON 30,5250,Marca,TECNOFARMA COLOMBIA S.A.S.
27076,MICROGYNON 30,5250,Marca,TECNOFARMA COLOMBIA S.A.S.
27076,MICROGYNON 30,5250,Marca,TECNOFARMA COLOMBIA S.A.S.
28855,VIREX® INYECTABLE,6990,Marca,GRUNENTHAL COLOMBIANA S.A.
28855,VIREX® INYECTABLE,6990,Marca,GRUNENTHAL COLOMBIANA S.A.
28855,VIREX® INYECTABLE,6990,Marca,GRUNENTHAL COLOMBIANA S.A.
32022,SPORANOX® CAPSULAS,8404,Marca,JANSSEN CILAG S.A.
32022,SPORANOX® CAPSULAS,8404,Marca,JANSSEN CILAG S.A.
34017,CONCOR® 10 MG TABLETAS RECUBIERTAS CON PELICULA,8463,Marca,MERCK S.A.
34017,CONCOR® 10 MG TABLETAS RECUBIERTAS CON PELICULA,6045,Marca,MERCK S.A.
38239,VIRCIDAL INYECTABLE,8000,Marca,LABORATORIOS CHALVER DE COLOMBIA S.A.
38239,VIRCIDAL INYECTABLE,8000,Marca,LABORATORIOS CHALVER DE COLOMBIA S.A.
38692,NEOGYNON ®,5271,Marca,BAYER A.G.
38692,NEOGYNON ®,5271,Marca,BAYER A.G.
40526,DILATREND  25 MG TABLETAS,7175,Marca,CHEPLAFARM ARZNEIMITTEL
46263,MYLERAN TABLETAS 2 MG,5100,Marca,ASPEN LABS S.A. DE C.V.. MEXICO
47792,FERBIN CAPSULA BLANDA,8330,Marca,NOVAMED S.A.
49090,RISPERDAL® TABLETAS 1 MG,7140,Marca,JANSSEN CILAG S.A.
49090,RISPERDAL® TABLETAS 1 MG,7140,Marca,JANSSEN CILAG S.A.
49090,RISPERDAL® TABLETAS 1 MG,7140,Marca,JANSSEN CILAG S.A.
49091,RISPERDAL TABLETAS,7140,Marca,JANSSEN CILAG S.A.
49092,RISPERDAL TABLETAS 3 MG,6426,Marca,JANSSEN CILAG S.A.
49092,RISPERDAL TABLETAS 3 MG,6426,Marca,JANSSEN CILAG S.A.
53896,SOLU-MEDROL DE 40 MG SOLUCION,7715,Marca,PFIZER S.A.S.
53896,SOLU-MEDROL DE 40 MG SOLUCION,7715,Marca,PFIZER S.A.S.
54299,CLOBAK 6 MG,5900,Marca,LABORATORIOS INCOBRA S.A.
55553,EPOYET 4000,9664,Marca,BIOSIDUS S.A.(FABRICANTE DEL ACTIVO) -PLANTA ALMAGRO
55553,EPOYET 4000,9664,Marca,BIOSIDUS S.A.(FABRICANTE DEL ACTIVO) -PLANTA ALMAGRO
55553,EPOYET 4000,9664,Marca,BIOSIDUS S.A.(FABRICANTE DEL ACTIVO) -PLANTA ALMAGRO
55553,EPOYET 4000,9664,Marca,BIOSIDUS S.A.(FABRICANTE DEL ACTIVO) -PLANTA ALMAGRO
55553,EPOYET 4000,9664,Marca,BIOSIDUS S.A.(FABRICANTE DEL ACTIVO) -PLANTA ALMAGRO
55553,EPOYET 4000,9664,Marca,BIOSIDUS S.A.(FABRICANTE DEL ACTIVO) -PLANTA ALMAGRO
213766,TOPAMAC® 100 MG TABLETAS,9894,Marca,JANSSEN CILAG S.A.
213766,TOPAMAC® 100 MG TABLETAS,9894,Marca,JANSSEN CILAG S.A.
215610,LAMICTAL® TABLETAS DISPERSABLES 25 MG,6720,Marca,GLAXOSMITHKLINE COLOMBIA S.A.
215610,LAMICTAL® TABLETAS DISPERSABLES 25 MG,6720,Marca,GLAXOSMITHKLINE COLOMBIA S.A.
218019,DILATREND TABLETAS 6.25MG,6363,Marca,CHEPLAPHARM ARZNEIMITTEL GMBH
218021,DILATREND TABLETAS 12.5MG.,7182,Marca,CHEPLAPHARM ARZNEIMITTEL GMBH
218021,DILATREND TABLETAS 12.5MG.,7182,Marca,CHEPLAPHARM ARZNEIMITTEL GMBH
224719,SEROQUEL 25 MG TABLETA RECUBIERTA,8620,Marca,ASTRAZENECA UK LIMITED
225390,TOPAMAC 25 MG TABLETAS.,8680,Marca,JANSSEN CILAG S.A.
225390,TOPAMAC 25 MG TABLETAS.,8680,Marca,JANSSEN CILAG S.A.
225392,TOPAMAC® 50 MG TABLETAS,6348,Marca,JANSSEN CILAG S.A.
225392,TOPAMAC® 50 MG TABLETAS,6348,Marca,JANSSEN CILAG S.A.
226031,DETRUSITOL 2 MG.TABLETAS RECUBIERTAS,9156,Marca,PFIZER S.A.S.
226031,DETRUSITOL 2 MG.TABLETAS RECUBIERTAS,9156,Marca,PFIZER S.A.S.
226033,APROVEL 300 MG,9142,Marca,SANOFI-AVENTIS DE COLOMBIA S.A.
226033,APROVEL 300 MG,9142,Marca,SANOFI-AVENTIS DE COLOMBIA S.A.
226033,APROVEL 300 MG,5224,Marca,SANOFI-AVENTIS DE COLOMBIA S.A.
226033,APROVEL 300 MG,5224,Marca,SANOFI-AVENTIS DE COLOMBIA S.A.
226034,APROVEL 150 MG,8974,Marca,SANOFI-AVENTIS DE COLOMBIA S.A.
226034,APROVEL 150 MG,8974,Marca,SANOFI-AVENTIS DE COLOMBIA S.A.
226041,ATACAND® 8MG.,8940,Marca,ASTRAZENECA COLOMBIA S.A.S
226041,ATACAND® 8MG.,6258,Marca,ASTRAZENECA COLOMBIA S.A.S
226041,ATACAND® 8MG.,6258,Marca,ASTRAZENECA COLOMBIA S.A.S
226042,ATACAND® 16MG.,9680,Marca,ASTRAZENECA COLOMBIA S.A.S
226042,ATACAND® 16MG.,6776,Marca,ASTRAZENECA COLOMBIA S.A.S
226679,TEGRETOL ® 2% SUSPENSION,6614,Marca,NOVARTIS PHARMA AG
226679,TEGRETOL ® 2% SUSPENSION,6614,Marca,NOVARTIS PHARMA AG
226679,TEGRETOL ® 2% SUSPENSION,6614,Marca,NOVARTIS PHARMA AG
226679,TEGRETOL ® 2% SUSPENSION,6614,Marca,NOVARTIS PHARMA AG
226679,TEGRETOL ® 2% SUSPENSION,6614,Marca,NOVARTIS PHARMA AG
226679,TEGRETOL ® 2% SUSPENSION,6614,Marca,NOVARTIS PHARMA AG
226679,TEGRETOL ® 2% SUSPENSION,6614,Marca,NOVARTIS PHARMA AG
227365,TEGRETOL RETARD DE 400 MG,6600,Marca,NOVARTIS PHARMA AG
227365,TEGRETOL RETARD DE 400 MG,6600,Marca,NOVARTIS PHARMA AG
227376,TEGRETOL RETARD DE 200 MG,9570,Marca,NOVARTIS PHARMA AG
227376,TEGRETOL RETARD DE 200 MG,6380,Marca,NOVARTIS PHARMA AG
227376,TEGRETOL RETARD DE 200 MG,6380,Marca,NOVARTIS PHARMA AG
227428,PLAVIX 75 MG.,5116,Marca,SANOFI-AVENTIS DE COLOMBIA S.A.
227428,PLAVIX 75 MG.,5116,Marca,SANOFI-AVENTIS DE COLOMBIA S.A.
228238,MICROGYNON® SUAVE,5250,Marca,TECNOFARMA COLOMBIA S.A.S.
228238,MICROGYNON® SUAVE,5250,Marca,TECNOFARMA COLOMBIA S.A.S.
228238,MICROGYNON® SUAVE,5250,Marca,TECNOFARMA COLOMBIA S.A.S.
228238,MICROGYNON® SUAVE,5250,Marca,TECNOFARMA COLOMBIA S.A.S.
19900226,CEFUROXIMA 750 MG,7800,Nombre Común,VITALIS S.A. C.I.
19900226,CEFUROXIMA 750 MG,7800,Nombre Común,VITALIS S.A. C.I.
19900226,CEFUROXIMA 750 MG,7800,Nombre Común,VITALIS S.A. C.I.
19900226,CEFUROXIMA 750 MG,7800,Nombre Común,VITALIS S.A. C.I.
19901250,BETALOC ZOK 200 MG,8592,Marca,ASTRAZENECA COLOMBIA S.A.S
19901852,MICARDIS COMPRIMIDOS 80 MG.,6293,Marca,BOEHRINGER INGELHEIM INTERNATIONAL GMBH.
19901852,MICARDIS COMPRIMIDOS 80 MG.,6293,Marca,BOEHRINGER INGELHEIM INTERNATIONAL GMBH.
19905371,NEURONTIN® 600 MG.,9488,Marca,PFIZER S.A.S.
19905371,NEURONTIN® 600 MG.,7116,Marca,PFIZER S.A.S.
19905371,NEURONTIN® 600 MG.,7116,Marca,PFIZER S.A.S.
19905413,NORVETAL 20,5271,Marca,LABORATORIOS SYNTHESIS S.A.S.
19905413,NORVETAL 20,5271,Marca,LABORATORIOS SYNTHESIS S.A.S.
19905413,NORVETAL 20,5271,Marca,LABORATORIOS SYNTHESIS S.A.S.
19905413,NORVETAL 20,5271,Marca,LABORATORIOS SYNTHESIS S.A.S.
19908056,MUTUM CR 10 MG,8001,Marca,LABORATORIOS ELEA PHOENIX S.A.
19908161,SINGULAIR® 4 MG TABLETAS MASTICABLES,9476,Marca,MERCK SHARP & DOHME CORP.
19908161,SINGULAIR® 4 MG TABLETAS MASTICABLES,9476,Marca,MERCK SHARP & DOHME CORP.
19908191,CONCOR® 1.25 TABLETAS LACADAS,8700,Marca,MERCK S.A.
19908191,CONCOR® 1.25 TABLETAS LACADAS,7250,Marca,MERCK S.A.
19908191,CONCOR® 1.25 TABLETAS LACADAS,7250,Marca,MERCK S.A.
19908192,CONCOR® 2.5 MG TABLETAS,9060,Marca,MERCK S.A.
19908192,CONCOR® 2.5 MG TABLETAS,9060,Marca,MERCK S.A.
19908192,CONCOR® 2.5 MG TABLETAS,8456,Marca,MERCK S.A.
19908192,CONCOR® 2.5 MG TABLETAS,8456,Marca,MERCK S.A.
19908192,CONCOR® 2.5 MG TABLETAS,6040,Marca,MERCK S.A.
19908192,CONCOR® 2.5 MG TABLETAS,6040,Marca,MERCK S.A.
19908543,TRILEPTAL 300 MG TABLETA RECUBIERTA,8920,Marca,NOVARTIS PHARMA AG
19908543,TRILEPTAL 300 MG TABLETA RECUBIERTA,8920,Marca,NOVARTIS PHARMA AG
19908543,TRILEPTAL 300 MG TABLETA RECUBIERTA,8920,Marca,NOVARTIS PHARMA AG
19914682,CELECOXIB 100 MG CAPSULAS.,8120,Nombre Común,TECNOQUIMICAS S.A.
19914809,RAPAMUNE 1.0 MG GRAGEAS,9600,Marca,PFIZER S.A.S.
19914809,RAPAMUNE 1.0 MG GRAGEAS,9600,Marca,PFIZER S.A.S.
19914809,RAPAMUNE 1.0 MG GRAGEAS,9600,Marca,PFIZER S.A.S.
19914809,RAPAMUNE 1.0 MG GRAGEAS,9600,Marca,PFIZER S.A.S.
19914809,RAPAMUNE 1.0 MG GRAGEAS,8400,Marca,PFIZER S.A.S.
19914809,RAPAMUNE 1.0 MG GRAGEAS,8400,Marca,PFIZER S.A.S.
19914809,RAPAMUNE 1.0 MG GRAGEAS,8400,Marca,PFIZER S.A.S.
19914809,RAPAMUNE 1.0 MG GRAGEAS,8400,Marca,PFIZER S.A.S.
19914809,RAPAMUNE 1.0 MG GRAGEAS,7200,Marca,PFIZER S.A.S.
19914809,RAPAMUNE 1.0 MG GRAGEAS,7200,Marca,PFIZER S.A.S.
19914809,RAPAMUNE 1.0 MG GRAGEAS,7200,Marca,PFIZER S.A.S.
19914809,RAPAMUNE 1.0 MG GRAGEAS,7200,Marca,PFIZER S.A.S.
19914809,RAPAMUNE 1.0 MG GRAGEAS,6000,Marca,PFIZER S.A.S.
19914809,RAPAMUNE 1.0 MG GRAGEAS,6000,Marca,PFIZER S.A.S.
19914809,RAPAMUNE 1.0 MG GRAGEAS,6000,Marca,PFIZER S.A.S.
19914809,RAPAMUNE 1.0 MG GRAGEAS,6000,Marca,PFIZER S.A.S.
19926482,TRACTAL COMPRIMIDOS RECUBIERTOS 1 MG,8700,Marca,SCANDINAVIA PHARMA LTDA.
19926482,TRACTAL® COMPRIMIDOS RECUBIERTOS 1 MG,8700,Marca,MEGALABS COLOMBIA S.A.S.
19926483,TRACTAL 2.,7820,Marca,SCANDINAVIA PHARMA LTDA.
19926692,VALTAN 160 MG CAPSULAS,7248,Marca,LABORATORIO FRANCO COLOMBIANO LAFRANCOL S.A.S.
19926701,CELECOXIB 200 MG CAPSULAS,7120,Nombre Común,LABORATORIOS BUSSIÉ S.A.
19926715,LUKAST 5 MG TABLETA MASTICABLE,6798,Marca,LABORATORIO FRANCO COLOMBIANO LAFRANCOL S.A.S.
19926715,LUKAST ® 5 MG TABLETA MASTICABLE,6798,Marca,LABORATORIO FRANCO COLOMBIANO LAFRANCOL S.A.S.
19926715,LUKAST ® 5 MG TABLETA MASTICABLE,6798,Marca,LABORATORIO FRANCO COLOMBIANO LAFRANCOL S.A.S.
19926715,LUKAST ® 5 MG TABLETA MASTICABLE,6798,Marca,LABORATORIO FRANCO COLOMBIANO LAFRANCOL S.A.S.
19926715,LUKAST 5 MG TABLETA MASTICABLE,6798,Marca,LABORATORIO FRANCO COLOMBIANO LAFRANCOL S.A.S.
19926716,LUKAST® 10 MG TABLETAS,9254,Marca,LABORATORIO FRANCO COLOMBIANO LAFRANCOL S.A.S.
19927570,RISOFREN® TABLETAS RECUBIERTAS 3 MG,9900,Marca,BLUEPHARMA COLOMBIA S.A.S.
19927635,RISOFREN® TABLETAS 1 MG,7500,Marca,BLUEPHARMA COLOMBIA S.A.S.
19927736,DIOVAN® 40 MG TABLETAS RECUBIERTAS,8960,Marca,NOVARTIS PHARMA AG
19927923,BETALOC ZOK® 25 MG,7470,Marca,ASTRAZENECA COLOMBIA S.A.S
19929866,KAPTIN® 400 CAPSULAS,7800,Marca,LABORATORIOS LEGRAND S.A.
19929866,KAPTIN® 400 CAPSULAS,5200,Marca,LABORATORIOS LEGRAND S.A.
19929866,KAPTIN® 400 CAPSULAS,5200,Marca,LABORATORIOS LEGRAND S.A.
19930138,ATEPLAX®,8204,Marca,PROCAPS S.A.
19930138,ATEPLAX®,8204,Marca,PROCAPS S.A.
19930410,VALSARTAN 80 MG CAPSULAS,8340,Nombre común,LABORATORIOS MK S.A.S.
19930410,VALSARTAN 80 MG CAPSULAS,7784,Nombre común,LABORATORIOS MK S.A.S.
19930410,VALSARTAN 80 MG CAPSULAS,7784,Nombre común,LABORATORIOS MK S.A.S.
19930444,METOPROLOL TARTRATO 100 MG TABLETAS RECUBIERTAS,9050,Nombre común,LABORATORIOS LA SANTÉ S.A.
19930444,METOPROLOL TARTRATO 100 MG TABLETAS RECUBIERTAS,5430,Nombre común,LABORATORIOS LA SANTÉ S.A.
19930572,UROPRAN 5 MG,8152,Marca,TECNOQUIMICAS S.A.
19930676,VALTAN ® 160 MG TABLETAS,6288,Marca,LABORATORIO FRANCO COLOMBIANO LAFRANCOL S.A.S.
19930676,VALTAN ® 160 MG TABLETAS,6288,Marca,LABORATORIO FRANCO COLOMBIANO LAFRANCOL S.A.S.
19931561,VALTAN 80 MG TABLETAS,7140,Marca,LABORATORIO FRANCO COLOMBIANO LAFRANCOL S.A.S.
19931561,VALTAN 80 MG TABLETAS,7140,Marca,LABORATORIO FRANCO COLOMBIANO LAFRANCOL S.A.S.
19932060,CANDESARTAN TABLETAS 8 MG,5220,Nombre común,GENFAR S.A.
19932996,AEROVIAL®,7238,Marca,NOVAMED S.A.
19932996,AEROVIAL®,7238,Marca,NOVAMED S.A.
19932996,AEROVIAL®,7238,Marca,NOVAMED S.A.
19932996,AEROVIAL®,7238,Marca,NOVAMED S.A.
19935160,DEFLAZACORT 6 MG. COMPRIMIDOS,7110,Nombre común,TECNOQUIMICAS S.A.
19935160,DEFLAZACORT 6 MG. COMPRIMIDOS,7110,Nombre común,TECNOQUIMICAS S.A.
19935334,CERROKAST ® 5 MG TABLETAS,9336,Marca,PATMAR S.A.
19936346,MONTELUKAST 4 MG TABLETA MASTICABLE,6730,Nombre común,LABORATORIOS LA SANTÉ S.A.
19936346,MONTELUKAST 4 MG TABLETA MASTICABLE,6730,Nombre común,LABORATORIOS LA SANTÉ S.A.
19936460,EZETROL® 10 MG,6908,Marca,MERCK SHARP & DOHME CORPORATION
19936554,TIMOLOL 0.5% SOLUCION OFTALMICA,7664,Nombre común,LABORATORIOS LA SANTÉ S.A.
19936556,MONTELUKAST 5 MG TABLETA MASTICABLE,8390,Nombre común,LABORATORIOS LA SANTÉ S.A.
19936556,MONTELUKAST 5 MG TABLETA MASTICABLE,5873,Nombre común,LABORATORIOS LA SANTÉ S.A.
19937175,VALSAPREX 80 MG TABLETAS,9282,Marca,SCANDINAVIA PHARMA LTDA.
19937176,VALSAPREX® 160 MG TABLETAS,5304,Marca,SCANDINAVIA PHARMA LTDA.
19939930,FLONAR® 200 MG,9600,Marca,ANZG LTDA
19940030,HIPERLIPEN ® 100 MG TABLETA,6890,Marca,SANOFI-AVENTIS DE COLOMBIA S.A.
19940030,HIPERLIPEN ® 100 MG TABLETA,6890,Marca,SANOFI-AVENTIS DE COLOMBIA S.A.
19940669,VALSARTAN 80 MG,8001,Nombre común,PROCAPS S.A.
19941934,LINDELLA ®,5586,Marca,LABORATORIOS CHALVER DE COLOMBIA S.A.
19941934,LINDELLA ®,5586,Marca,LABORATORIOS CHALVER DE COLOMBIA S.A.
19941934,LINDELLA ®,5586,Marca,LABORATORIOS CHALVER DE COLOMBIA S.A.
19941934,LINDELLA ®,5586,Marca,LABORATORIOS CHALVER DE COLOMBIA S.A.
19942145,LINDELLA ® SUAVE TABLETAS,6174,Marca,LABORATORIOS CHALVER DE COLOMBIA S.A.
19942145,LINDELLA ® SUAVE TABLETAS,6174,Marca,LABORATORIOS CHALVER DE COLOMBIA S.A.
19942145,LINDELLA ® SUAVE TABLETAS,6174,Marca,LABORATORIOS CHALVER DE COLOMBIA S.A.
19942145,LINDELLA ® SUAVE TABLETAS,6174,Marca,LABORATORIOS CHALVER DE COLOMBIA S.A.
19942323,DIOVAN ® 320 MG TABLETAS RECUBIERTAS,5128,Marca,NOVARTIS PHARMA A.G.
19942333,GABAPENTIN 300 MG CÁPSULAS,9480,Nombre común,LABORATORIOS MK S.A.S.
19942333,GABAPENTIN 300 MG CÁPSULAS,9480,Nombre común,LABORATORIOS MK S.A.S.
19942333,GABAPENTIN 300 MG CÁPSULAS,6320,Nombre común,LABORATORIOS MK S.A.S.
19942431,VASTAREL® MR,8504,Marca,LES LABORATORIES SERVIER
19942433,KAPTIN ® 800MG TABLETAS,7805,Marca,LABORATORIOS LEGRAND S.A.
19942433,KAPTIN ® 800MG TABLETAS,7805,Marca,LABORATORIOS LEGRAND S.A.
19942433,KAPTIN ® 800MG TABLETAS,7805,Marca,LABORATORIOS LEGRAND S.A.
19942434,KAPTIN ® 600 TABLETAS,8130,Marca,LABORATORIOS LEGRAND S.A.
19942434,KAPTIN ® 600 TABLETAS,8130,Marca,LABORATORIOS LEGRAND S.A.
19942434,KAPTIN ® 600 TABLETAS,5691,Marca,LABORATORIOS LEGRAND S.A.
19942434,KAPTIN ® 600 TABLETAS,5691,Marca,LABORATORIOS LEGRAND S.A.
19943526,METOPROLOL 100 MG,8790,Nombre común,TECNOQUIMICAS S.A.
19943526,METOPROLOL 100 MG,8790,Nombre común,TECNOQUIMICAS S.A.
19943526,METOPROLOL 100 MG,8790,Nombre común,TECNOQUIMICAS S.A.
19943526,METOPROLOL 100 MG,5860,Nombre común,TECNOQUIMICAS S.A.
19943526,METOPROLOL 100 MG,5860,Nombre común,TECNOQUIMICAS S.A.
19943592,METOPROLOL MK50 MG TABLETAS,7590,Nombre común,TECNOQUIMICAS S.A.
19943592,METOPROLOL MK50 MG TABLETAS,5060,Nombre común,TECNOQUIMICAS S.A.
19943741,PROGRAF ® CAPSULAS DE 1 MG,7900,Marca,ASTELLAS PHARMA US. INC
19944773,XALAR 5 MG TABLETA MASTICABLE,9400,Marca,PROCAPS S.A.
19944773,XALAR 5 MG TABLETA MASTICABLE,9400,Marca,PROCAPS S.A.
19944773,XALAR 5 MG TABLETA MASTICABLE,9400,Marca,PROCAPS S.A.
19944773,XALAR 5 MG TABLETA MASTICABLE,5640,Marca,PROCAPS S.A.
19944773,XALAR 5 MG TABLETA MASTICABLE,5640,Marca,PROCAPS S.A.
19944942,XALAR 10MG.,9254,Marca,PROCAPS S.A.
19944942,XALAR 10MG.,9254,Marca,PROCAPS S.A.
19945134,ACICLOVIR 250 MG POLVO LIOFILIZADO PARA RECONSTITUIR A SOLUCION INYECTABLE,5500,Nombre común,VITALIS S.A. C.I.
19945385,LEUCOTREN 5 MG TABLETAS MASTICABLES,7284,Marca,SCANDINAVIA PHARMA LTDA.
19945385,LEUCOTREN 5 MG TABLETAS MASTICABLES,7284,Marca,SCANDINAVIA PHARMA LTDA.
19945386,LEUCOTREN ® 4MG TABLETAS MASTICABLES,7284,Marca,SCANDINAVIA PHARMA LTDA.
19945477,LEUCOTREN(R) 10 MG TABLETAS RECUBIERTAS,9388,Marca,SCANDINAVIA PHARMA LTDA.
19945477,LEUCOTREN ®10 MG TABLETAS RECUBIERTAS,9388,Marca,SCANDINAVIA PHARMA LTDA.
19945676,ISPERIN® 1MG,8337,Marca,PROCAPS S.A.
19945676,ISPERIN® 1MG,7940,Marca,PROCAPS S.A.
19945677,PROCAPS ISPERIN 2 MG,7280,Marca,PROCAPS S.A.
19945677,PROCAPS ISPERIN 2 MG,7280,Marca,PROCAPS S.A.
19945677,PROCAPS ISPERIN 2 MG,5096,Marca,PROCAPS S.A.
19945677,PROCAPS ISPERIN 2 MG,5096,Marca,PROCAPS S.A.
19947807,TENSOPROL 100 MG,9000,Marca,BIOQUIFAR PHARMACEUTICA S.A.
19947808,TENSOPROL(R) 50 MG,7500,Marca,BIOQUIFAR PHARMACEUTICA S.A.
19947808,TENSOPROL(R) 50 MG,5000,Marca,BIOQUIFAR PHARMACEUTICA S.A.
19947808,TENSOPROL(R) 50 MG,5000,Marca,BIOQUIFAR PHARMACEUTICA S.A.
19948075,CARVEDIL 6.25 MG TABLETAS,7410,Marca,SCANDINAVIA PHARMA LTDA.
19948075,CARVEDIL 6.25 MG TABLETAS,7410,Marca,SCANDINAVIA PHARMA LTDA.
19948075,CARVEDIL® 6.25 MG TABLETAS,7410,Marca,SCANDINAVIA PHARMA LTDA.
19948265,NORVETAL®,5019,Marca,LABORATORIOS SYNTHESIS S.A.S.
19948265,NORVETAL®,5019,Marca,LABORATORIOS SYNTHESIS S.A.S.
19948265,NORVETAL®,5019,Marca,LABORATORIOS SYNTHESIS S.A.S.
19948265,NORVETAL®,5019,Marca,LABORATORIOS SYNTHESIS S.A.S.
19948265,NORVETAL®,5019,Marca,LABORATORIOS SYNTHESIS S.A.S.
19948265,NORVETAL®,5019,Marca,LABORATORIOS SYNTHESIS S.A.S.
19948497,IRBEPREX 300 MG TABLETAS,5272,Marca,SCANDINAVIA PHARMA LTDA
19948604,GABAPENTIN 400 MG,8220,Nombre común,LABORATORIOS MK S.A.S.
19948887,MICROGYNON ® 30 CD,5250,Marca,TECNOFARMA COLOMBIA S.A.S.
19948887,MICROGYNON ® 30 CD,5250,Marca,TECNOFARMA COLOMBIA S.A.S.
19949719,DRUGTECH QUETIDIN 100 MG.,8771,Marca,LABORATORIOS SYNTHESIS S.A.S.
19949719,DRUGTECH QUETIDIN 100 MG.,8771,Marca,LABORATORIOS SYNTHESIS S.A.S.
19949719,DRUGTECH QUETIDIN 100 MG.,6265,Marca,LABORATORIOS SYNTHESIS S.A.S.
19949721,DRUGTECH QUETIDIN 200 MG,7857,Marca,LABORATORIOS SYNTHESIS S.A.S.
19949721,DRUGTECH QUETIDIN 200 MG,7857,Marca,LABORATORIOS SYNTHESIS S.A.S.
19949721,DRUGTECH QUETIDIN 200 MG,5238,Marca,LABORATORIOS SYNTHESIS S.A.S.
19949721,DRUGTECH QUETIDIN 200 MG,5238,Marca,LABORATORIOS SYNTHESIS S.A.S.
19949755,DRUGTECH QUETIDIN 25 MG TABLETAS RECUBIERTAS,9480,Marca,LABORATORIOS SYNTHESIS S.A.S.
19949755,DRUGTECH QUETIDIN 25 MG TABLETAS RECUBIERTAS,9480,Marca,LABORATORIOS SYNTHESIS S.A.S.
19949755,DRUGTECH QUETIDIN 25 MG TABLETAS RECUBIERTAS,6320,Marca,LABORATORIOS SYNTHESIS S.A.S.
19951088,CORYOL ® TABLETAS 25 MG,6670,Marca,SANDOZ GMBH
19951088,CORYOL ® TABLETAS 25 MG,6670,Marca,SANDOZ GMBH
19951089,CORYOL ® TABLETAS 12.5 MG,9990,Marca,SANDOZ GMBH
19951089,CORYOL ® TABLETAS 12.5 MG,6660,Marca,SANDOZ GMBH
19951090,CORYOL ® TABLETAS 6.25 MG,8360,Marca,SANDOZ GMBH
19951090,CORYOL ® TABLETAS 6.25 MG,6270,Marca,SANDOZ GMBH
19951090,CORYOL ® TABLETAS 6.25 MG,6270,Marca,SANDOZ GMBH
19951544,CYMBALTA® 30 MG CAPSULAS,8001,Marca,ELI LILLY AND COMPANY
19951544,CYMBALTA® 30 MG CAPSULAS,8001,Marca,ELI LILLY AND COMPANY
19951554,MINIPIL SUAVE,5082,Marca,LABORATORIO FRANCO COLOMBIANO LAFRANCOL S.A.S.
19951554,MINIPIL SUAVE,5082,Marca,LABORATORIO FRANCO COLOMBIANO LAFRANCOL S.A.S.
19951554,MINIPIL SUAVE,5082,Marca,LABORATORIO FRANCO COLOMBIANO LAFRANCOL S.A.S.
19951554,MINIPIL SUAVE,5082,Marca,LABORATORIO FRANCO COLOMBIANO LAFRANCOL S.A.S.
19951640,IRBETT 300 TABLETAS,5400,Marca,LABORATORIOS SIEGFRIED S.A.S
19951640,IRBETT 300 TABLETAS,5400,Marca,LABORATORIOS SIEGFRIED S.A.S
19951640,IRBETT 300 TABLETAS,5400,Marca,LABORATORIOS SIEGFRIED S.A.S
19951640,IRBETT 300 TABLETAS,5400,Marca,LABORATORIOS SIEGFRIED S.A.S
19953202,LYRICA 75 MG CAPSULAS,9534,Marca,PFIZER S.A.S.
19953202,LYRICA 75 MG CAPSULAS,9534,Marca,PFIZER S.A.S.
19953202,LYRICA 75 MG CAPSULAS,8172,Marca,PFIZER S.A.S.
19953202,LYRICA 75 MG CAPSULAS,8172,Marca,PFIZER S.A.S.
19954948,OLMETEC 20 MG TABLETAS RECUBIERTAS,9324,Marca,PFIZER S.A.S.
19954948,OLMETEC 20 MG TABLETAS RECUBIERTAS,9324,Marca,PFIZER S.A.S.
19954948,OLMETEC 20 MG TABLETAS RECUBIERTAS,6660,Marca,PFIZER S.A.S.
19954948,OLMETEC 20 MG TABLETAS RECUBIERTAS,6660,Marca,PFIZER S.A.S.
19954950,OLMETEC 40 MG TABLETAS RECUBIERTAS,9324,Marca,PFIZER S.A.S.
19954950,OLMETEC 40 MG TABLETAS RECUBIERTAS,9324,Marca,PFIZER S.A.S.
19954950,OLMETEC 40 MG TABLETAS RECUBIERTAS,6660,Marca,PFIZER S.A.S.
19954950,OLMETEC 40 MG TABLETAS RECUBIERTAS,6660,Marca,PFIZER S.A.S.
19954981,LUKAST® 4 MG TABLETAS DISPERSABLES,9500,Marca,LABORATORIO FRANCO COLOMBIANO LAFRANCOL S.A.S.
19954981,LUKAST® 4 MG TABLETAS DISPERSABLES,9500,Marca,LABORATORIO FRANCO COLOMBIANO LAFRANCOL S.A.S.
19956202,CILOSTAL ® 50MG TABLETAS,9350,Marca,MERCK S.A.
19956203,CILOSTAL ® 100 MG,9345,Marca,MERCK S.A.
19956205,TRACTAL® GOTAS,8385,Marca,SCANDINAVIA PHARMA LTDA.
19956205,TRACTAL® GOTAS,8385,Marca,SCANDINAVIA PHARMA LTDA.
19956205,TRACTAL® GOTAS,8385,Marca,SCANDINAVIA PHARMA LTDA.
19956468,ACIDO VALPROICO CAPSULAS 250 MG,6700,Nombre común,LABORATORIOS MEDICK S.A.S.
19959796,DRUGTECH NEURACTIN® 250 MG,9310,Marca,LABORATORIOS SYNTHESIS  S.A.S.
19959796,DRUGTECH NEURACTIN® 250 MG,9310,Marca,LABORATORIOS SYNTHESIS  S.A.S.
19959796,DRUGTECH NEURACTIN® 250 MG,9310,Marca,LABORATORIOS SYNTHESIS  S.A.S.
19959796,DRUGTECH NEURACTIN® 250 MG,6517,Marca,LABORATORIOS SYNTHESIS  S.A.S.
19959943,CLOPIDOGREL 75 MG,9940,Nombre común,AMERICAN GENERICS S.A.S.
19960815,VALSARTAN 160 MG,7372,Nombre común,AMERICAN GENERICS S.A.S.
19961044,IRBESARTAN SANDOZ ® 300 MG,7623,Marca,SANDOZ GMBH
19961044,IRBESARTAN SANDOZ ® 300 MG,6534,Marca,SANDOZ GMBH
19961415,METOPROLOL TARTRATO 50 MG TABLETAS,8120,Nombre común,MEMPHIS PRODUCTS S.A.
19961419,ATACAND® 32 MG,8925,Marca,ASTRAZENECA COLOMBIA S.A.S.
19961607,OXCARBAZEPINA 300 MG,5580,Nombre común,TECNOQUIMICAS S.A.
19961607,OXCARBAZEPINA 300 MG,5580,Nombre Común,TECNOQUIMICAS S.A.
19961837,ASMONT ® 10 MG TABLETAS RECUBIERTAS,5090,Marca,LABORATORIOS BUSSIÉ S.A.
19961837,ASMONT ® 10 MG TABLETAS RECUBIERTAS,5090,Marca,LABORATORIOS BUSSIÉ S.A.
19961837,ASMONT ® 10 MG TABLETAS RECUBIERTAS,5090,Marca,LABORATORIOS BUSSIÉ S.A.
19961837,ASMONT ® 10 MG TABLETAS RECUBIERTAS,5090,Marca,LABORATORIOS BUSSIÉ S.A.
19962743,DISGRASIL®,8126,Marca,LABORATORIO FRANCO COLOMBIANO LAFRANCOL S.A.S.
19963294,PROCAPS ISPERIN 3 MG,7637,Marca,PROCAPS S.A
19963294,PROCAPS ISPERIN 3 MG,7637,Marca,PROCAPS S.A
19963294,PROCAPS ISPERIN 3 MG,7637,Marca,PROCAPS S.A
19963311,LAMETEC 50 MG - TABLETA,8970,Marca,PINT PHARMA COLOMBIA S.A.S
19963314,LAMETEC 100 MG - TABLETA,9390,Marca,PINT PHARMA COLOMBIA S.A.S.
19963734,XALAR 4 MG,9590,Marca,PROCAPS S.A.
19963734,XALAR 4 MG,9590,Marca,PROCAPS S.A.
19963734,XALAR 4 MG,9590,Marca,PROCAPS S.A.
19964309,MOXIFLOXACINA 400 MG TABLETAS RECUBIERTAS,5925,Nombre común,LABORATORIOS LA SANTÉ S.A.
19965195,VALSARTAN TABLETAS RECUBIERTAS X 80 MG,7420,Nombre común,GENFAR S.A.
19965195,VALSARTAN TABLETAS RECUBIERTAS X 80 MG,7420,Nombre común,GENFAR S.A.
19965794,MOPERID TABLETAS,7889,Marca,LABORATORIOS SIEGFRIED S.A.S
19968466,ERITROPOYETINA HUMANA RECOMBINANTE,8050,Nombre común,CIMAB S.A.
19968466,ERITROPOYETINA HUMANA RECOMBINANTE,8050,Nombre común,CIMAB S.A.
19969274,CARVEDILOL® 25 MG TABLETAS RECUBIERTAS,8630,Nombre común,LABORATORIOS LA SANTÉ S.A.
19969274,CARVEDILOL 25MG TABLETAS RECUBIERTAS,8630,Nombre común,LABORATORIOS LA SANTÉ S.A.
19969274,CARVEDILOL 25MG TABLETAS RECUBIERTAS,8630,Nombre común,LABORATORIOS LA SANTÉ S.A.
19971140,CLOPIDOGREL 75 MG,7968,Nombre común,MEMPHIS PRODUCTS S.A.
19972124,DEFLAZACORT 6 MG TABLETAS,6080,Nombre común,GENFAR S.A.
19972340,CORDURE ® 10MG TABLETAS,6424,Marca,LABORATORIOS BUSSIÉ S.A.
19973513,GLIX® 5 MG TABLETAS CUBIERTAS,6840,Marca,SCANDINAVIA PHARMA LTDA.
19973514,GLIX® 10 MG TABLETAS CUBIERTAS,7250,Marca,SCANDINAVIA PHARMA LTDA.
19973514,GLIX 10 MG TABLETAS,5075,Marca,SCANDINAVIA PHARMA LTDA.
19973889,MEROPENEM 500 MG INYECTABLE,6435,Nombre común,BLAU FARMACÉUTICA COLOMBIA S.A.S
19974006,LANDACORT®,8118,Marca,LABORATORIOS LEGRAND S.A.
19974006,LANDACORT®,8118,Marca,LABORATORIOS LEGRAND S.A.
19974006,LANDACORT®,8118,Marca,LABORATORIOS LEGRAND S.A.
19974006,LANDACORT®,8118,Marca,LABORATORIOS LEGRAND S.A.
19974006,LANDACORT®,8118,Marca,LABORATORIOS LEGRAND S.A.
19974006,LANDACORT®,8118,Marca,LABORATORIOS LEGRAND S.A.
19974007,LANDACORT® 6 TABLETA,8000,Marca,LABORATORIOS LEGRAND S.A.
19974007,LANDACORT® 6 TABLETA,8000,Marca,LABORATORIOS LEGRAND S.A.
19974007,LANDACORT® 6 TABLETA,8000,Marca,LABORATORIOS LEGRAND S.A.
19974007,LANDACORT® 6 TABLETA,8000,Marca,LABORATORIOS LEGRAND S.A.
19974652,EZETIMIBA/SIMVASTATINA 10/40 MG,8085,Nombre Común,AMERICAN GENERICS S.A.S.
19974652,EZETIMIBA/SIMVASTATINA 10/40 MG,8085,Nombre Común,AMERICAN GENERICS S.A.S.
19975971,VALSARTAN 80 MG TABLETAS RECUBIERTAS,7924,Nombre común,LABORATORIOS LA SANTÉ S.A.
19975971,VALSARTAN 80 MG TABLETAS RECUBIERTAS,5660,Nombre común,LABORATORIOS LA SANTÉ S.A.
19976035,MONTELUKAST 5 MG TABLETAS MASTICABLES,6030,Nombre común,WINTHROP PHARMACEUTICALS DE COLOMBIA S.A.
19976036,MONTELUKAST 4 MG TABLETAS MASTICABLES,8380,Nombre común,WINTHROP PHARMACEUTICALS DE COLOMBIA S.A.
19976484,MONTELUKAST 4 MG,6708,Nombre común,MEMPHIS PRODUCTS S.A.
19976641,TROMBOXTYL 75MG,8400,Marca,BIOQUIFAR PHARMACEUTICA S.A.
19976641,TROMBOXTYL 75MG,6000,Marca,BIOQUIFAR PHARMACEUTICA S.A.
19976916,DRUGTECH QUETIDIN 300 MG,9666,Marca,LABORATORIOS SYNTHESIS S.A.S.
19976916,DRUGTECH QUETIDIN 300 MG,9666,Marca,LABORATORIOS SYNTHESIS S.A.S.
19976916,DRUGTECH QUETIDIN 300 MG,6444,Marca,LABORATORIOS SYNTHESIS S.A.S.
19976916,DRUGTECH QUETIDIN 300 MG,6444,Marca,LABORATORIOS SYNTHESIS S.A.S.
19977388,AMARYL M 2 MG/500 MG COMPRIMIDOS,6036,Marca,SANOFI-AVENTIS DE COLOMBIA S.A.
19977388,AMARYL M 2 MG/500 MG COMPRIMIDOS,6036,Marca,SANOFI-AVENTIS DE COLOMBIA S.A.
19978197,VENDEP XR-150 MG,8670,Marca,PINT PHARMA COLOMBIA S.A.S
19978197,VENDEP XR-150 MG,8670,Marca,PINT PHARMA COLOMBIA S.A.S
19978458,DEFLAZACORT 30 MG,7750,Nombre común,AMERICAN GENERICS S.A.S.
19978667,ERITROMAX® LIOFILIZADO 2000 U.I.,6374,Marca,BLAU FARMACEUTICA S.A.
19979152,TIAMAX® 200,9152,Marca,SCANDINAVIA PHARMA LTDA.
19979154,TIAMAX® 100,7701,Marca,SCANDINAVIA PHARMA LTDA.
19979154,TIAMAX® 100,5134,Marca,SCANDINAVIA PHARMA LTDA.
19979566,SIDELG CAPSULAS X 120 MG,5868,Marca,GENFAR S.A.
19979566,SIDELG CAPSULAS X 120 MG,5868,Marca,GENFAR S.A.
19979566,ORLISTAT 120 MG CÁPSULAS,5868,Nombre Común,GENFAR S.A.
19980067,XIFEN® 80 MG TABLETAS,8350,Marca,SCANDINAVIA PHARMA LTDA.
19980931,CLOPIDOGREL TABLETAS RECUBIERTAS X 75 MG,8200,Nombre común,GENFAR S.A.
19981259,PROTOMAX 100 MG TABLETA,5490,Marca,PINT PHARMA COLOMBIA S.A.S
19981259,PROTOMAX 100 MG TABLETA,5490,Marca,PINT PHARMA COLOMBIA S.A.S
19982663,DUOLIP® 10/40 TABLETAS,7262,Marca,SCANDINAVIA PHARMA LTDA.
19982663,DUOLIP® 10/40 TABLETAS,7262,Marca,SCANDINAVIA PHARMA LTDA.
19983177,ZEMPLAR® CAPSULAS 1MCG,7560,Marca,ABBVIE S.A.S.
19983583,PROGRAF ® XL CAPSULAS DE LIBERACION PROLONGADA DE 1 MG,5500,Marca,ASTELLAS FARMA US. INC
19983583,PROGRAF ® XL CAPSULAS DE LIBERACION PROLONGADA DE 1 MG,5500,Marca,ASTELLAS FARMA US. INC
19984722,ILIMIT ROEMMERS® 15MG,8216,Marca,SCANDINAVIA PHARMA LTDA.
19984811,TOPIRAMATO SANDOZ ® 50 MG TABLETAS CUBIERTAS,6000,Marca,SANDOZ GMBH
19984812,TOPIRAMATO SANDOZ® 25MG TABLETAS CUBIERTAS,6500,Marca,SANDOZ GMBH
19986691,CIPROFIBRATO 100 MG TABLETAS,9135,Nombre común,LABORATORIOS LA SANTÉ S.A.
19986691,CIPROFIBRATO 100 MG TABLETAS,6090,Nombre común,LABORATORIOS LA SANTÉ S.A.
19986854,ESOMEPRAZOL 40 MG POLVO LIOFILIZADO PARA RECONSTITUIR INYECTABLE,8860,Nombre común,VITALIS S.A. C.I.
19988137,MODUALZ® 10 MG,6728,Marca,TECNOQUIMICAS S.A.
19988550,GALVUS® 50 MG COMPRIMIDOS,6172,Marca,NOVARTIS PHARMA A.G.
19988755,ACTIVA 21,7476,Marca,BCN MEDICAL S.A.
19988755,ACTIVA 21,7476,Marca,BCN MEDICAL S.A.
19988755,ACTIVA 21,7476,Marca,BCN MEDICAL S.A.
19988755,ACTIVA 21,7476,Marca,BCN MEDICAL S.A.
19989120,RISPERIMED 2,9600,Marca,PINT PHARMA COLOMBIA S.A.S
19989120,RISPERIMED 2,6400,Marca,PINT PHARMA COLOMBIA S.A.S
19989121,RISPERIMED 3,8580,Marca,PINT PHARMA COLOMBIA S.A.S
19989121,RISPERIMED 3,5720,Marca,PINT PHARMA COLOMBIA S.A.S
19989484,MONTELUKAST 10 MG TABLETAS CUBIERTAS,9560,Nombre común,TECNOQUIMICAS S.A.
19989598,MONTELUKAST 5 MG TABLETAS MASTICABLES,8860,Nombre común,TECNOQUIMICAS S.A.
19990069,MONTELUKAST 4 MG TABLETAS MASTICABLES,7720,Nombre común,TECNOQUIMICAS S.A.
19990069,MONTELUKAST 4 MG TABLETAS MASTICABLES,7720,Nombre común,TECNOQUIMICAS S.A.
19990474,VENLAFAXINA 75 MG CAPSULAS DE LIBERACION PROLONGADA,9751,Nombre común,SANDOZ GMBH
19990474,VENLAFAXINA 75 MG CAPSULAS DE LIBERACION PROLONGADA,9751,Nombre común,SANDOZ GMBH
19991189,QUETIAPINA 25 MG TABLETA RECUBIERTA,9090,Nombre común,COLMED LTDA
19991189,QUETIAPINA 25 MG TABLETA RECUBIERTA,9090,Nombre común,COLMED LTDA
19991189,QUETIAPINA 25 MG TABLETA RECUBIERTA,6060,Nombre común,COLMED LTDA
19993381,MICOTRAZOL 100 MG,6600,Marca,BIOQUIFAR PHARMACEUTICA S.A.
19993409,COLMIBE 10 COMPRIMIDOS,5077,Marca,FARMACEUTICA PARAGUAYA S.A
19993409,COLMIBE 10 COMPRIMIDOS,5077,Marca,FARMACEUTICA PARAGUAYA S.A
19993410,COLMIBE 20 COMPRIMIDOS,5739,Marca,FARMACEUTICA PARAGUAYA S.A
19993410,COLMIBE 20 COMPRIMIDOS,5739,Marca,FARMACEUTICA PARAGUAYA S.A
19993840,AMARYL®M 2MG/1000MG,5746,Marca,SANOFI-AVENTIS DE COLOMBIA S.A.
19993840,AMARYL®M 2MG/1000MG,5746,Marca,SANOFI-AVENTIS DE COLOMBIA S.A.
19993841,AMARYL®M 4 MG/ 1000 MG,7510,Marca,SANOFI-AVENTIS DE COLOMBIA S.A.
19993841,AMARYL®M 4 MG/ 1000 MG,7510,Marca,SANOFI-AVENTIS DE COLOMBIA S.A.
19994006,SALBUTAMOL JARABE 2 MG /5ML,6582,Marca,LABORATORIO PROFESIONAL FARMACEUTICO LAPROFF S.A.
19994006,SALBUTAMOL JARABE 2 MG /5ML,6582,Marca,LABORATORIO PROFESIONAL FARMACEUTICO LAPROFF S.A.
19994122,FENEBRA® LAMOTRIGINA 100 MG TABLETAS,7112,Marca,LABORATORIOS PISA S.A. DE CV
19995113,QUETIAPINA 25 MG TABLETAS CUBIERTAS,9640,Nombre común,TECNOQUIMICAS S.A.
19995113,QUETIAPINA 25 MG TABLETAS CUBIERTAS,7230,Nombre común,TECNOQUIMICAS S.A.
19995113,QUETIAPINA 25 MG TABLETAS CUBIERTAS,6748,Nombre común,TECNOQUIMICAS S.A.
19995394,CANDEPREX 8 MG TABLETAS,6750,Marca,SCANDINAVIA PHARMA LTDA.
19996055,IRBESARTAN 150 MG TABLETAS,9930,Nombre común,LABORATORIOS LA SANTÉ S.A.
19996292,QUETIAPINA 100 MG TABLETAS CUBIERTAS,7945,Nombre común,TECNOQUIMICAS S.A.
19996348,QUETIAPINA 300 MG TABLETAS CUBIERTAS.,6764,Nombre común,TECNOQUIMICAS S.A.
19996415,PLAVIX® 300 MG,5309,Marca,SANOFI-AVENTIS DE COLOMBIA S.A.
19997128,ORLISTAT 120 MG CAPSULAS,5990,Nombre común,LABORATORIOS LA SANTÉ S.A.
19997167,XEROGRAS 120 MG CAPSULAS,9852,Marca,GALENO QUIMICA S.A.
19997975,ARTRODAR 50 MG CAPSULAS,7312,Marca,NOVAMED S.A.
19998035,LAMOTRIGINA 25 MG TABLETAS DISPERSABLES,9000,Nombre común,SANDOZ GMBH
19998036,LAMOTRIGINA SANDOZ ® 50 MG TABLETAS DISPERSABLES,5100,Marca,SANDOZ GMBH
19998037,LAMOTRIGINA SANDOZ ® 100 MG TABLETAS DISPERSABLES,8850,Marca,SANDOZ GMBH
19998393,GALVUS® MET COMPRIMIDO RECUBIERTO CON PELICULA 50 MG/850 MG,6172,Marca,NOVARTIS PHARMA A.G.
19998393,GALVUS® MET COMPRIMIDO RECUBIERTO CON PELICULA 50 MG/850 MG,6172,Marca,NOVARTIS PHARMA A.G.
19998394,GALVUS® MET COMPRIMIDOS RECUBIERTOS CON PELICULA 50 MG /1000 MG,8960,Marca,NOVARTIS PHARMA AG
19998394,GALVUS® MET COMPRIMIDOS RECUBIERTOS CON PELICULA 50 MG /1000 MG,8960,Marca,NOVARTIS PHARMA AG
19999459,SEROQUEL ® XR 50 MG,6980,Marca,ASTRAZENECA COLOMBIA S.A.S
19999459,SEROQUEL ® XR 50 MG,6980,Marca,ASTRAZENECA COLOMBIA S.A.S
19999657,ITROL®,8404,Marca,SUIPHAR INTERNATIONAL S.A
19999657,ITROL®,8404,Marca,SUIPHAR INTERNATIONAL S.A
20001296,PREZOC 100 MG,8380,Marca,PROCAPS S.A.
20001296,PREZOC 100 MG,8380,Marca,PROCAPS S.A.
20001296,PREZOC 100 MG,5866,Marca,PROCAPS S.A.
20001296,PREZOC 100 MG,5866,Marca,PROCAPS S.A.
20001516,LAMOTRIGINA TABLETAS 50 MG,6800,Nombre común,HUMAX PHARMACEUTICAL S.A.
20001516,LAMOTRIGINA TABLETAS 50 MG,6800,Nombre común,HUMAX PHARMACEUTICAL S.A.
20001671,VALCOX 10 MG TABLETAS,9950,Marca,SCANDINAVIA PHARMA LTDA.
20002042,ERITROPOYETINA 4000 UI SOLUCIÓN INYECTABLE,8602,Nombre común,SCANDINAVIA PHARMA LTDA.
20002042,ERITROPOYETINA 4000 UI SOLUCIÓN INYECTABLE,8602,Nombre Común,SCANDINAVIA PHARMA LTDA.
20002042,ERITROPOYETINA 4000 UI SOLUCIÓN INYECTABLE,8602,Nombre común,SCANDINAVIA PHARMA LTDA.
20002599,DELIFON TABLETAS,7775,Marca,LABORATORIOS BEST S.A.
20003706,GALVUS® MET 50/500 COMPRIMIDOS RECUBIERTOS CON PELICULA,6028,Marca,NOVARTIS PHARMA A.G.
20003706,GALVUS® MET 50/500 COMPRIMIDOS RECUBIERTOS CON PELICULA,6028,Marca,NOVARTIS PHARMA A.G.
20005969,JALRA® 50 MG TABLETAS (COMPRIMIDOS),7996,Marca,MERCK S.A.
20005970,JALRA ® M 50 MG / 1000 MG TABLETAS / COMPRIMIDOS RECUBIERTAS,8160,Marca,MERCK S.A.
20005970,JALRA ® M 50 MG / 1000 MG TABLETAS / COMPRIMIDOS RECUBIERTAS,8160,Marca,MERCK S.A.
20005971,JALRA® M 50 MG / 850 MG,8160,Marca,MERCK S.A.
20005971,JALRA® M 50 MG / 850 MG,8160,Marca,MERCK S.A.
20006313,NEURONTIN 300 MG CAPSULAS,7120,Marca,PFIZER S.A.S.
20006313,NEURONTIN 300 MG CAPSULAS,7120,Marca,PFIZER S.A.S.
20006314,NEURONTIN 400 MG CAPSULAS,9500,Marca,PFIZER S.A.S.
20006314,NEURONTIN 400 MG CAPSULAS,9500,Marca,PFIZER S.A.S.
20007289,RISPERIDONA 2 MG,7630,Nombre común,TECNOQUIMICAS S.A.
20007289,RISPERIDONA 2 MG,5341,Nombre común,TECNOQUIMICAS S.A.
20007377,RISPERIDONA 1 MG,8932,Nombre común,TECNOQUIMICAS S.A.
20007378,RISPERIDONA 3 MG,9000,Nombre común,TECNOQUIMICAS S.A.
20007378,RISPERIDONA 3 MG,7200,Nombre común,TECNOQUIMICAS S.A.
20007895,CEUMID COMPRIMIDOS RECUBIERTOS 1000 MG,8442,Marca,SCANDINAVIA PHARMA LTDA.
20007895,CEUMID COMPRIMIDOS RECUBIERTOS 1000 MG,8442,Marca,SCANDINAVIA PHARMA LTDA.
20007895,CEUMID COMPRIMIDOS RECUBIERTOS 1000 MG,5628,Marca,SCANDINAVIA PHARMA LTDA.
20007895,CEUMID COMPRIMIDOS RECUBIERTOS 1000 MG,5628,Marca,SCANDINAVIA PHARMA LTDA.
20007896,CEUMID 500 MG,6505,Marca,SCANDINAVIA PHARMA LTDA.
20007896,CEUMID 500 MG,6505,Marca,SCANDINAVIA PHARMA LTDA.
20007957,OXCARBAZEPINA 600 MG,5236,Nombre común,TECNOQUIMICAS S.A.
20008401,LEFLAVA® 20,5560,Marca,PINT PHARMA COLOMBIA S.A.S
20008401,LEFLAVA® 20,5560,Marca,PINT PHARMA COLOMBIA S.A.S
20008409,IRBESARTAN 300 MG,9130,Nombre común,TECNOQUIMICAS S.A.
20008409,IRBESARTAN 300 MG,9130,Nombre común,TECNOQUIMICAS S.A.
20008502,IRBESARTAN 150 MG,7400,Nombre común,TECNOQUIMICAS S.A.
20009036,NABILA® 2.5 MG COMPRIMIDOS,8970,Marca,MONTE VERDE S.A.
20009949,QUETIAPINA 25 MG TABLETAS,7800,Nombre común,AMERICAN GENERICS S.A.S.
20009949,QUETIAPINA 25 MG TABLETAS,5850,Nombre común,AMERICAN GENERICS S.A.S.
20010476,GIABRI® 100 MG TABLETAS,7450,Marca,MERCK S.A.
20010591,QUETIAPINA 100 MG TABLETAS,6960,Nombre común,AMERICAN GENERICS S.A.S.
20011474,NORVETAL,8358,Marca,LABORATORIOS SYNTHESIS S.A.S.
20011474,NORVETAL,8358,Marca,LABORATORIOS SYNTHESIS S.A.S.
20011696,JALRA ®M 50 MG /500 MG,7864,Marca,MERCK S.A.
20011696,JALRA ®M 50 MG /500 MG,7864,Marca,MERCK S.A.
20012397,MONTELUKAST 5 MG,7300,Nombre común,AMERICAN GENERICS S.A.S.
20012634,BETADREN JARABE,7307,Marca,INVERSIONES COMERFAR LTDA.
20013191,FIBROLIP 100 MG TABLETAS,7650,Marca,SCANDINAVIA PHARMA LTDA.
20013191,FIBROLIP® 100 MG TABLETAS,7650,Marca,SCANDINAVIA PHARMA LTDA.
20013318,TINOX® 2.5 MG COMPRIMIDOS,5250,Marca,LABORATORIOS SYNTHESIS S.A.S.
20014369,MONTELUKAST 10 MG TABLETAS,8895,Nombre común,AMERICAN GENERICS S.A.S.
20014382,MINART ® 32 MG TABLETA,9680,Marca,MERCK S.A.
20014386,MINART 16 MG TABLETAS RECUBIERTAS,9680,Marca,MERCK S.A.
20014386,MINART 16 MG TABLETAS RECUBIERTAS,9680,Marca,MERCK S.A.
20014386,MINART 16 MG TABLETAS RECUBIERTAS,6776,Marca,MERCK S.A.
20014386,MINART 16 MG TABLETAS RECUBIERTAS,6776,Marca,MERCK S.A.
20014926,IPIPRAL® 15 MG TABLETA,6672,Marca,HUMAX PHARMACEUTICAL S.A.
20015000,MARTESIA® 25 MG,6706,Marca,SCANDINAVIA PHARMA LTDA.
20015001,MARTESIA® 75 MG,7260,Marca,SCANDINAVIA PHARMA LTDA.
20015001,MARTESIA® 75 MG,5808,Marca,SCANDINAVIA PHARMA LTDA.
20015002,MARTESIA® 150 MG,8130,Marca,SCANDINAVIA PHARMA LTDA.
20015002,MARTESIA® 150 MG,5420,Marca,SCANDINAVIA PHARMA LTDA.
20015005,MARTESIA 300 MG,5666,Marca,SCANDINAVIA PHARMA LTDA.
20015007,ALACIR® 30,6676,Marca,SCANDINAVIA PHARMA LTDA.
20015009,ALACIR® 60,9256,Marca,SCANDINAVIA PHARMA LTDA.
20015009,ALACIR® 60,6942,Marca,SCANDINAVIA PHARMA LTDA.
20015565,KOPODEX® 500 MG TABLETAS RECUBIERTAS,8275,Marca,LABORATORIOS SYNTHESIS S.A.S.
20015565,KOPODEX® 500 MG TABLETAS RECUBIERTAS,8275,Marca,LABORATORIOS SYNTHESIS S.A.S.
20015567,KOPODEX 1000 MG TABLETAS RECUBIERTAS,9069,Marca,LABORATORIOS SYNTHESIS S.A.S.
20015567,KOPODEX 1000 MG TABLETAS RECUBIERTAS,9069,Marca,LABORATORIOS SYNTHESIS S.A.S.
20015567,KOPODEX 1000 MG TABLETAS RECUBIERTAS,6046,Marca,LABORATORIOS SYNTHESIS S.A.S.
20015567,KOPODEX 1000 MG TABLETAS RECUBIERTAS,6046,Marca,LABORATORIOS SYNTHESIS S.A.S.
20016555,LAFIGIN 100 MG TABLETAS DISPERSABLES,8373,Marca,LABORATORIOS SYNTHESIS S.A.S.
20016555,LAFIGIN 100 MG TABLETAS DISPERSABLES,5582,Marca,LABORATORIOS SYNTHESIS S.A.S.
20019273,NOPTIC 3 MG TABLETAS RECUBIERTAS,7876,Marca,LABORATORIOS ANDROMACO S.A
20019273,NOPTIC 3 MG TABLETAS RECUBIERTAS,7876,Marca,LABORATORIOS ANDROMACO S.A
20019446,DUXETINA ® 60 MG CAPSULAS,8504,Marca,LABORATORIOS BUSSIÉ S.A.
20019978,INMOX 60 MG CAPSULAS,8895,Marca,TECNOQUIMICAS S.A.
20020048,INMOX 30 MG,9670,Marca,TECNOQUIMICAS S.A.
20020048,INMOX 30 MG,6769,Marca,TECNOQUIMICAS S.A.
20020048,INMOX 30 MG,6769,Marca,TECNOQUIMICAS S.A.
20020358,MOXIFLOXACINA 400 MG,9569,Nombre común,TECNOQUIMICAS S.A.
20020418,DULOXETINA 60 MG,8875,Nombre común,LABORATORIOS MK S.A.S.
20020419,DULOXETINA 30MG CAPSULAS,7133,Nombre común,LABORATORIOS MK S.A.S.
20020419,DULOXETINA 30MG CAPSULAS,7133,Nombre común,LABORATORIOS MK S.A.S.
20020419,DULOXETINA 30MG CAPSULAS,5095,Nombre común,LABORATORIOS MK S.A.S.
20020743,PREGABALINA 150 MG,9296,Nombre común,LABORATORIOS MK S.A.S.
20020743,PREGABALINA 150 MG,9296,Nombre común,LABORATORIOS MK S.A.S.
20020743,PREGABALINA 150 MG,5312,Nombre común,LABORATORIOS MK S.A.S.
20021506,CORDIAX ® 80MG TABLETAS,7255,Marca,LABORATORIOS SYNTHESIS S.A.S.
20021743,CORDIAX® 40 MG TABLETAS,9912,Marca,LABORATORIOS SYNTHESIS S.A.S.
20021743,CORDIAX® 40 MG TABLETAS,9912,Marca,LABORATORIOS SYNTHESIS S.A.S.
20021743,CORDIAX® 40 MG TABLETAS,9912,Marca,LABORATORIOS SYNTHESIS S.A.S.
20021743,CORDIAX® 40 MG TABLETAS,6608,Marca,LABORATORIOS SYNTHESIS S.A.S.
20021743,CORDIAX® 40 MG TABLETAS,6608,Marca,LABORATORIOS SYNTHESIS S.A.S.
20021743,CORDIAX® 40 MG TABLETAS,6608,Marca,LABORATORIOS SYNTHESIS S.A.S.
20021743,CORDIAX® 40 MG TABLETAS,6608,Marca,LABORATORIOS SYNTHESIS S.A.S.
20022288,PRELUDYO 75MG,9060,Marca,LABORATORIOS MK S.A.S.
20022288,PRELUDYO 75MG,6342,Marca,LABORATORIOS MK S.A.S.
20022288,PRELUDYO 75MG,6342,Marca,LABORATORIOS MK S.A.S.
20022354,PREGABALINA 75 MG,5285,Nombre común,TECNOQUIMICAS S.A.
20022354,PREGABALINA 75 MG,5285,Nombre común,TECNOQUIMICAS S.A.
20022454,CLOPIDOGREL 75 MG TABLETAS RECUBIERTAS,8862,Nombre común,N.T.I. NEW TRADE INTERNATIONAL S.A.S.
20022938,VENOXOR 75 MG,8670,Marca,CALIER FARMACEUTICA DE COLOMBIA S.A.
20023112,VENOXOR 150 MG,7600,Marca,CALIER FARMACEUTICA DE COLOMBIA S.A.
20023279,FEMERLEV®,5500,Marca,MYLAN LABORATORIES LIMITED
20023730,TOLTEDIX  RETARD CAPSULAS.,9716,Marca,LABORATORIO FRANCO COLOMBIANO LAFRANCOL S.A.S.
20023730,TOLTEDIX  RETARD CAPSULAS.,9716,Marca,LABORATORIO FRANCO COLOMBIANO LAFRANCOL S.A.S.
20024252,ACENOL 25 MG,6366,Marca,LABORATORIOS SYNTHESIS S.A.S.
20025498,OLMESARTAN MEDOXOMIL 40 MG,7680,Nombre común,TECNOQUIMICAS S.A.
20025587,KEPERTAN 500 MG,5110,Marca,A.H. ROBINS S.A.S.
20025671,OLMESARTAN MEDOXOMIL 20 MG,8730,Nombre común,TECNOQUIMICAS S.A.
20025671,OLMESARTAN MEDOXOMIL 20 MG,8730,Nombre común,TECNOQUIMICAS S.A.
20025671,OLMESARTAN MEDOXOMIL 20 MG,6111,Nombre común,TECNOQUIMICAS S.A.
20025671,OLMESARTAN MEDOXOMIL 20 MG,6111,Nombre común,TECNOQUIMICAS S.A.
20027907,BETAPLEX® 6.25 MG TABLETAS,9080,Marca,LABORATORIOS SYNTHESIS S.A.S.
20027907,BETAPLEX® 6.25 MG TABLETAS,9080,Marca,LABORATORIOS SYNTHESIS S.A.S.
20027907,BETAPLEX® 6.25 MG TABLETAS,6810,Marca,LABORATORIOS SYNTHESIS S.A.S.
20027907,BETAPLEX® 6.25 MG TABLETAS,6810,Marca,LABORATORIOS SYNTHESIS S.A.S.
20027908,BETAPLEX 25 MG TABLETAS,7860,Marca,LABORATORIOS SYNTHESIS S.A.S.
20027908,BETAPLEX 25 MG TABLETAS,5895,Marca,LABORATORIOS SYNTHESIS S.A.S.
20027910,PERNOVIN  5 MG TABLETAS CUBIERTAS.,5320,Marca,LABORATORIOS SYNTHESIS S.A.S.
20027910,PERNOVIN  5 MG TABLETAS CUBIERTAS.,5320,Marca,LABORATORIOS SYNTHESIS S.A.S.
20028918,LYRICA ® 25 MG - CAPSULAS,9720,Marca,PFIZER S.A.S.
20028918,LYRICA ® 25 MG - CAPSULAS,9720,Marca,PFIZER S.A.S.
20028918,LYRICA ® 25 MG - CAPSULAS,6804,Marca,PFIZER S.A.S.
20028918,LYRICA ® 25 MG - CAPSULAS,6804,Marca,PFIZER S.A.S.
20028918,LYRICA ® 25 MG - CAPSULAS,5832,Marca,PFIZER S.A.S.
20028918,LYRICA ® 25 MG - CAPSULAS,5832,Marca,PFIZER S.A.S.
20029019,NITEXOL ® CAPSULAS 60MG,7189,Marca,LABORATORIOS ANDROMACO S.A
20031452,CERROKAST 4 MG TABLETAS MASTICABLES,5468,Marca,PATMAR S.A.
20032036,METOPROLOL TARTRATO 100MG TABLETAS RECUBIERTAS,7800,Nombre común,INDUSTRIA COLOMBIANA DE MEDICAMENTOS ICOM LTDA.
20032042,CLOPIDOGREL 75 MG TABLETAS,9954,Nombre común,PENTACOOP S.A.
20032763,SULIMAX® 500 MG TABLETAS CON CUBIERTA ENTERICA,5056,Marca,SCANDINAVIA PHARMA LTDA.
20033270,POSTDAYPLUS® TABLETA,7600,Marca,LABORATOIRE HRA-PHARMA
20033270,POSTDAYPLUS® TABLETA,7600,Marca,LABORATOIRE HRA-PHARMA
20033641,ARTRIDOX 50 MG CAPSULAS,9898,Marca,C.I. FARMACAPSULAS S.A.
20033641,ARTRIDOX 50 MG CAPSULAS,9898,Marca,C.I. FARMACAPSULAS S.A.
20033641,ARTRIDOX 50 MG CAPSULAS,9898,Marca,C.I. FARMACAPSULAS S.A.
20033641,ARTRIDOX 50 MG CAPSULAS,7070,Marca,C.I. FARMACAPSULAS S.A.
20033708,PREGALEX ® COMPRIMIDOS 150 MG,8541,Marca,LABORATORIOS ANDROMACO S.A
20033708,PREGALEX ® COMPRIMIDOS 150 MG,5694,Marca,LABORATORIOS ANDROMACO S.A
20033708,PREGALEX ® COMPRIMIDOS 150 MG,5694,Marca,LABORATORIOS ANDROMACO S.A
20034491,AIROMED TABLETAS RECUBIERTAS 10MG,9662,Marca,NOVAMED S.A.
20034491,AIROMED TABLETAS RECUBIERTAS 10MG,9662,Marca,NOVAMED S.A.
20034686,CANDESARTAN CILEXETILO 16 MG,8468,Nombre común,AMERICAN GENERICS S.A.S.
20035342,IRAZEM ® 15 MG TABLETAS,7706,Marca,LABORATORIOS SIEGFRIED S.A.S
20035350,PROGRAF ® XL 3 MG CAPSULAS DE LIBERACION PROLONGADA,9870,Marca,ASTELLAS PHARMA US. INC
20035350,PROGRAF ® XL 3 MG CAPSULAS DE LIBERACION PROLONGADA,9870,Marca,ASTELLAS PHARMA US. INC
20035401,INSPRA® 50 MG TABLETAS RECUBIERTAS,8806,Marca,PFIZER S.A.S.
20036200,CANDEPREX 32 MG TABLETAS,7200,Marca,SCANDINAVIA PHARMA LTDA.
20036548,PREGABALINA 300 MG,8692,Nombre común,LABORATORIOS MK S.A.S.
20036548,PREGABALINA 300 MG,6519,Nombre común,LABORATORIOS MK S.A.S.
20038383,KASTAMON 10 MG TABLETAS RECUBIERTAS,7231,Marca,SANDOZ GMBH
20038383,KASTAMON 10 MG TABLETAS RECUBIERTAS,7231,Marca,SANDOZ GMBH
20038428,PRESTIBLOCK®,6123,Marca,LABORATORIOS BLASKOV LTDA.
20038428,PRESTIBLOCK®,6123,Marca,LABORATORIOS BLASKOV LTDA.
20038428,PRESTIBLOCK ® 0.5% SOLUCIÓN OFTALMICA,6123,Marca,LABORATORIOS BLASKOV LTDA.
20039014,LEGABIN ® 150,9800,Marca,LABORATORIOS LEGRAND S.A.
20039017,LEGABIN ® 75,8172,Marca,LABORATORIOS LEGRAND S.A.
20039282,OLMEPREX 20 MG TABLETAS,7890,Marca,SCANDINAVIA PHARMA LTDA.
20039284,OLMEPREX 40 MG TABLETAS RECUBIERTAS,6316,Marca,SCANDINAVIA PHARMA LTDA.
20039359,DIOVAN ® 80 MG TABLETAS RECUBIERTAS,8974,Marca,NOVARTIS PHARMA A.G
20039643,SALOFALK® 1.5 G,6726,Marca,DR. FALK PHARMA GMBH.
20040113,DEFAL ® 30 MG TABLETAS,7504,Marca,FAES FARMA S.A.
20041206,LIPOGRAS® 120 MG CAPSULA DURA CON CONTENIDO LIQUIDO,9894,Marca,NOVAMED S.A.
20041206,LIPOGRAS® 120 MG CAPSULA DURA CON CONTENIDO LIQUIDO,9894,Marca,NOVAMED S.A.
20041206,LIPOGRAS® 120 MG CAPSULA DURA CON CONTENIDO LIQUIDO,9894,Marca,NOVAMED S.A.
20041206,LIPOGRAS® 120 MG CAPSULA DURA CON CONTENIDO LIQUIDO,6596,Marca,NOVAMED S.A.
20041206,LIPOGRAS® 120 MG CAPSULA DURA CON CONTENIDO LIQUIDO,6596,Marca,NOVAMED S.A.
20041206,LIPOGRAS® 120 MG CAPSULA DURA CON CONTENIDO LIQUIDO,6596,Marca,NOVAMED S.A.
20041351,EUTEBROL® 20 MG,6726,Marca,MONTE VERDE S.A.
20041735,LYRICA ® 50 MG CAPSULAS,5719,Marca,PFIZER S.A.S.
20041735,LYRICA ® 50 MG CAPSULAS,5719,Marca,PFIZER S.A.S.
20042347,GABAPENTINA CAPSULAS 400 MG,5060,Nombre común,SANOFI-AVENTIS DE COLOMBIA S.A.
20042993,CARDIOCAP® 80,9996,Marca,LABORATORIOS LEGRAND S.A.
20042993,CARDIOCAP® 80,9996,Marca,LABORATORIOS LEGRAND S.A.
20042993,CARDIOCAP® 80,9996,Marca,LABORATORIOS LEGRAND S.A.
20043517,ARTOSAN® CAPSULA,6362,Marca,NEVOX FARMA S.A.S.
20043686,KETIAN XR 300 MG,8382,Marca,PROCAPS S.A.
20043691,KETIAN XR 200MG,5798,Marca,PROCAPS S.A.
20043700,KETIAN® XR 50 MG,6980,Marca,PROCAPS S.A.
20043700,KETIAN® XR50 MG,6980,Marca,PROCAPS S.A.
20044090,CARDIOTAN 80,7000,Marca,HUMAX PHARMACEUTICAL S.A.
20044944,TRAYENTA ® DUO 2.5MG/1000MG TABLETAS RECUBIERTAS,7203,Marca,BOEHRINGER INGELHEIM INTERNATIONAL GMBH
20044944,TRAYENTA ® DUO 2.5MG/1000MG TABLETAS RECUBIERTAS,7203,Marca,BOEHRINGER INGELHEIM INTERNATIONAL GMBH
20045921,RAGITAR® TABLETAS 0.5MG,7600,Marca,ALKEM LABORATORIES LTD.
20045921,RAGITAR® TABLETAS 0.5MG,7600,Marca,ALKEM LABORATORIES LTD.
20047166,CARDIK® 160,8253,Marca,LABORATORIOS LEGRAND S.A.
20047166,CARDIK® 160,8253,Marca,LABORATORIOS LEGRAND S.A.
20047166,CARDIK® 160,8253,Marca,LABORATORIOS LEGRAND S.A.
20047166,CARDIK® 160,8253,Marca,LABORATORIOS LEGRAND S.A.
20047166,CARDIK® 160,8253,Marca,LABORATORIOS LEGRAND S.A.
20047166,CARDIK® 160,8253,Marca,LABORATORIOS LEGRAND S.A.
20047198,INSPRA® 25 MG TABLETAS RECUBIERTAS,6294,Marca,PFIZER S.A.S.
20047549,BADASTIN® 0.1 MG / ML,9000,Marca,BENDALIS GMBH
20047794,AIZOL® TABLETAS,5250,Marca,NEXT PHARMA SOURCING SAS
20047839,ERITROPOYETINA HUMANA RECOMBINANTE 2000UI/ML,5000,Nombre común,CENTRO DE INMUNOLOGIA MOLECULAR (CIM)
20048373,ICTAFIN ® 500MG,7300,Marca,NOVAMED S.A.
20048718,CORIONAL® 300MG,10000,Marca,CLOSTER PHARMA S.A.S.
20048718,CORIONAL® 300MG,10000,Marca,CLOSTER PHARMA S.A.S.
20048718,CORIONAL® 300MG,5000,Marca,CLOSTER PHARMA S.A.S.
20048719,CORIONAL ® 150 MG TABLETAS RECUBIERTAS,10000,Marca,CLOSTER PHARMA S.A.S.
20048719,CORIONAL ® 150 MG TABLETAS RECUBIERTAS,7500,Marca,CLOSTER PHARMA S.A.S.
20048719,CORIONAL ® 150 MG TABLETAS RECUBIERTAS,5000,Marca,CLOSTER PHARMA S.A.S.
20048719,CORIONAL ® 150 MG TABLETAS RECUBIERTAS,5000,Marca,CLOSTER PHARMA S.A.S.
20048817,CARDIK® 320,8242,Marca,LABORATORIOS LEGRAND S.A.
20048817,CARDIK® 320,8242,Marca,LABORATORIOS LEGRAND S.A.
20048817,CARDIK® 320,8242,Marca,LABORATORIOS LEGRAND S.A.
20048817,CARDIK® 320,8242,Marca,LABORATORIOS LEGRAND S.A.
20049528,RISEMAX 120 MG CAPSULAS,8684,Marca,SCANDINAVIA PHARMA LTDA.
20051479,LEUTRIEN ® 4 MG,8380,Marca,MSN LABORATORIES PRIVATE LIMITED
20051479,LEUTRIEN ® 4 MG,8380,Marca,MSN LABORATORIES PRIVATE LIMITED
20051862,LEUTRIEN® 5 MG,5330,Marca,MSN LABORATORIES PRIVATED LIMITED
20051862,LEUTRIEN® 5 MG,5330,Marca,MSN LABORATORIES PRIVATED LIMITED
20052257,PALEXIS® RETARD 25MG,8570,Marca,GRUNENTHAL GMBH.
20052257,PALEXIS® RETARD 25MG,5999,Marca,GRUNENTHAL GMBH.
20052424,MIRTAZAPINA HUMAX® TABLETAS RECUBIERTAS,8946,Marca,HUMAX PHARMACEUTICAL S.A.
20052424,MIRTAZAPINA HUMAX®  TABLETAS RECUBIERTA,8946,Marca,HUMAX PHARMACEUTICAL S.A.
20052424,MIRTAZAPINA HUMAX® TABLETAS RECUBIERTAS,6390,Marca,HUMAX PHARMACEUTICAL S.A.
20052424,MIRTAZAPINA HUMAX®  TABLETAS RECUBIERTA,6390,Marca,HUMAX PHARMACEUTICAL S.A.
20052504,ANGIOVAN® 100 MG,9964,Marca,LABORATORIOS MK S.A.S.
20052504,ANGIOVAN® 100 MG,9964,Marca,LABORATORIOS MK S.A.S.
20052505,ANGIOVAN® 50 MG,8480,Marca,LABORATORIOS MK S.A.S.
20052505,ANGIOVAN® 50 MG,8480,Marca,LABORATORIOS MK S.A.S.
20052505,ANGIOVAN® 50 MG,6784,Marca,LABORATORIOS MK S.A.S.
20052505,ANGIOVAN® 50 MG,6784,Marca,LABORATORIOS MK S.A.S.
20052583,CARDIOCAP ® 40,6768,Marca,LABORATORIOS LEGRAND S.A.
20053339,OFTALMOTRILOL SOLUCIÓN OFTÁLMICA,5800,Marca,LABORATORIOS INCOBRA S.A.
20053339,OFTALMOTRILOL SOLUCIÓN OFTÁLMICA,5800,Marca,LABORATORIOS INCOBRA S.A.
20053538,FELONEX 500 MG,6300,Marca,PROCAPS S.A
20054210,RISDONA® 0.5 MG TABLETA ORODISPERSABLE,9472,Marca,HUMAX PHARMACEUTICAL S.A.
20054210,RISDONA® 0.5 MG TABLETA ORODISPERSABLE,9472,Marca,HUMAX PHARMACEUTICAL S.A.
20054210,RISDONA® 0.5 MG TABLETA ORODISPERSABLE,8288,Marca,HUMAX PHARMACEUTICAL S.A.
20054210,RISDONA® 0.5 MG TABLETA ORODISPERSABLE,8288,Marca,HUMAX PHARMACEUTICAL S.A.
20054210,RISDONA® 0.5 MG TABLETA ORODISPERSABLE,5920,Marca,HUMAX PHARMACEUTICAL S.A.
20054210,RISDONA® 0.5 MG TABLETA ORODISPERSABLE,5920,Marca,HUMAX PHARMACEUTICAL S.A.
20054360,SUVIAR® 4 MG,6048,Marca,GRUPO UNIPHARM S.A. Y/O LABORATORIOS UNI S.A.
20054456,CLOPIDOGREL TABLETAS RECUBIERTAS 75 MG,8760,Nombre común,LABORATORIO PROFESIONAL FARMACEUTICO LAPROFF S.A.
20054661,ABLALONDRA COMPRIMIDOS RECUBIERTOS 2MG,9948,Marca,LABORATORIOS ANDROMACO S.A
20054661,ABLALONDRA COMPRIMIDOS RECUBIERTOS 2MG,9948,Marca,LABORATORIOS ANDROMACO S.A
20054666,SUVIAR® 10 MG TABLETAS,8120,Marca,GRUPO UNIPHARM S.A. Y/O LABORATORIOS UNI S.A.
20055572,ACENOL 50 MG TABLETAS RECUBIERTAS,8952,Marca,LABORATORIOS SYNTHESIS S.A.S.
20055639,KOPODEX XR 500 MG TABLETAS RECUBIERTAS DE LIBERACION PROLONGADA,8862,Marca,LABORATORIOS SYNTHESIS S.A.S.
20055639,KOPODEX XR 500 MG TABLETAS RECUBIERTAS DE LIBERACION PROLONGADA,8862,Marca,LABORATORIOS SYNTHESIS S.A.S.
20055639,KOPODEX XR 500 MG TABLETAS RECUBIERTAS DE LIBERACION PROLONGADA,6330,Marca,LABORATORIOS SYNTHESIS S.A.S.
20056041,RENANGIO 40,8060,Marca,MSN LABORATORIES PRIVATE LIMITED
20056041,RENANGIO 40,8060,Marca,MSN LABORATORIES PRIVATE LIMITED
20056041,RENANGIO 40,5642,Marca,MSN LABORATORIES PRIVATE LIMITED
20056041,RENANGIO 40,5642,Marca,MSN LABORATORIES PRIVATE LIMITED
20056052,PLATEMAX ® 75 MG TABLETAS RECUBIERTAS,5482,Marca,MSN LABORATORIES PRIVATED LIMITED
20056846,CARPROL LS®,6990,Marca,HUMAX PHARMACEUTICAL S.A.
20056846,CARPROL LS®,6990,Marca,HUMAX PHARMACEUTICAL S.A.
20056846,CARPROL LS®,6524,Marca,HUMAX PHARMACEUTICAL S.A.
20056846,CARPROL LS®,6524,Marca,HUMAX PHARMACEUTICAL S.A.
20056849,CARPROL LS 100 MG TABLETA DE LIBERACION SOSTENIDA,8240,Marca,HUMAX PHARMACEUTICAL S.A.
20059188,NEUPREL 75 MG CAPSULAS,7462,Marca,SALUS PHARMA LABS. S.A.S
20059586,TELMISARTAN TABLETAS 80 MG,8660,Nombre común,GENFAR S.A.
20059586,TELMISARTAN TABLETAS 80 MG,8660,Nombre común,GENFAR S.A.
20059586,TELMISARTAN TABLETAS 80 MG,6928,Nombre común,GENFAR S.A.
20059782,ALZANTINA ® 10 MG TABLETAS,7080,Marca,SALUSPHARMA LABS S.A.S.
20059955,KAXEL® 500 MG,5760,Marca,MEDISPRAY LABORATORIES PVT LTD. UNIT 1
20059984,MODUALZ® 20 MG,9422,Marca,TECNOQUIMICAS S.A.
20059984,MODUALZ® 20 MG,9422,Marca,TECNOQUIMICAS S.A.
20060310,LAMOTRIGINA POR 200MG,9900,Nombre común,TECNOQUIMICAS S.A.
20060310,LAMOTRIGINA POR 200MG,9900,Nombre común,TECNOQUIMICAS S.A.
20060310,LAMOTRIGINA POR 200MG,9900,Nombre común,TECNOQUIMICAS S.A.
20062102,DORMEBEN® EZ 3 MG TABLETAS RECUBIERTAS,9622,Marca,LABORATORIOS BUSSIE S.A
20063796,PREGABALINA 75 MG CAPSULAS,7830,Nombre común,WINTHROP PHARMACEUTICALS DE COLOMBIA S.A.
20065665,LETROLE®,9950,Marca,HETERO LABS LIMITED
20065665,LETROLE®,9950,Marca,HETERO LABS LIMITED
20066288,GLAUCOPHARM®,6750,Marca,OPHARM LTDA.
20066300,PREVIASM®,8870,Marca,EUROFARMA COLOMBIA S.A.S
20066300,PREVIASM®,8870,Marca,EUROFARMA COLOMBIA S.A.S
20066302,PREVIASM 4 MG TABLETAS MASTICABLES,9705,Marca,EUROFARMA COLOMBIA S.A.S
20066302,PREVIASM 4 MG TABLETAS MASTICABLES,9058,Marca,EUROFARMA COLOMBIA S.A.S
20066302,PREVIASM 4 MG TABLETAS MASTICABLES,6470,Marca,EUROFARMA COLOMBIA S.A.S
20067216,LAMOTRIGINA 50MG,9550,Nombre común,TECNOQUIMICAS S.A.
20067216,LAMOTRIGINA 50MG,9550,Nombre común,TECNOQUIMICAS S.A.
20067216,LAMOTRIGINA 50MG,9550,Nombre común,TECNOQUIMICAS S.A.
20067216,LAMOTRIGINA 50MG,8022,Nombre común,TECNOQUIMICAS S.A.
20067216,LAMOTRIGINA 50MG,8022,Nombre común,TECNOQUIMICAS S.A.
20067216,LAMOTRIGINA 50MG,8022,Nombre común,TECNOQUIMICAS S.A.
20067216,LAMOTRIGINA 50MG,7640,Nombre común,TECNOQUIMICAS S.A.
20067216,LAMOTRIGINA 50MG,7640,Nombre común,TECNOQUIMICAS S.A.
20067216,LAMOTRIGINA 50MG,7640,Nombre común,TECNOQUIMICAS S.A.
20067216,LAMOTRIGINA 50MG,5730,Nombre común,TECNOQUIMICAS S.A.
20067216,LAMOTRIGINA 50MG,5730,Nombre común,TECNOQUIMICAS S.A.
20067216,LAMOTRIGINA 50MG,5730,Nombre común,TECNOQUIMICAS S.A.
20067216,LAMOTRIGINA 50MG,5348,Nombre común,TECNOQUIMICAS S.A.
20067216,LAMOTRIGINA 50MG,5348,Nombre común,TECNOQUIMICAS S.A.
20067216,LAMOTRIGINA 50MG,5348,Nombre común,TECNOQUIMICAS S.A.
20067216,LAMOTRIGINA 50MG,5348,Nombre común,TECNOQUIMICAS S.A.
20067216,LAMOTRIGINA 50MG,5348,Nombre común,TECNOQUIMICAS S.A.
20067216,LAMOTRIGINA 50MG,5348,Nombre común,TECNOQUIMICAS S.A.
20067583,TELMISARTAN 80MG TABLETAS,6300,Nombre común,LABORATORIOS LA SANTÉ S.A.
20067727,LAMOTRIGINA 25 MG,8370,Nombre común,TECNOQUIMICAS S.A.
20067727,LAMOTRIGINA 25 MG,8370,Nombre común,TECNOQUIMICAS S.A.
20067727,LAMOTRIGINA 25 MG,8370,Nombre común,TECNOQUIMICAS S.A.
20067727,LAMOTRIGINA 25 MG,7812,Nombre común,TECNOQUIMICAS S.A.
20067727,LAMOTRIGINA 25 MG,7812,Nombre común,TECNOQUIMICAS S.A.
20067727,LAMOTRIGINA 25 MG,7812,Nombre común,TECNOQUIMICAS S.A.
20067727,LAMOTRIGINA 25 MG,7812,Nombre común,TECNOQUIMICAS S.A.
20067727,LAMOTRIGINA 25 MG,7812,Nombre común,TECNOQUIMICAS S.A.
20067727,LAMOTRIGINA 25 MG,7812,Nombre común,TECNOQUIMICAS S.A.
20067727,LAMOTRIGINA 25 MG,6975,Nombre común,TECNOQUIMICAS S.A.
20067727,LAMOTRIGINA 25 MG,6975,Nombre común,TECNOQUIMICAS S.A.
20067727,LAMOTRIGINA 25 MG,6975,Nombre común,TECNOQUIMICAS S.A.
20067727,LAMOTRIGINA 25 MG,5859,Nombre común,TECNOQUIMICAS S.A.
20067727,LAMOTRIGINA 25 MG,5859,Nombre común,TECNOQUIMICAS S.A.
20067727,LAMOTRIGINA 25 MG,5859,Nombre común,TECNOQUIMICAS S.A.
20067727,LAMOTRIGINA 25 MG,5580,Nombre común,TECNOQUIMICAS S.A.
20067727,LAMOTRIGINA 25 MG,5580,Nombre común,TECNOQUIMICAS S.A.
20067727,LAMOTRIGINA 25 MG,5580,Nombre común,TECNOQUIMICAS S.A.
20068867,ACTIVA 21 SUAVE®,5250,Marca,BCN MEDICAL S.A.
20068867,ACTIVA 21 SUAVE®,5250,Marca,BCN MEDICAL S.A.
20070804,SILOTRIF® 4 MG CAPSULAS,5328,Marca,MSN LABORATORIES PRIVATE LIMITED
20070804,SILOTRIF® 4 MG CAPSULAS,5328,Marca,MSN LABORATORIES PRIVATE LIMITED
20072260,TEMILTAR® 80 MG TABLETAS,7770,Marca,HETERO LABS LIMITED
20073358,DEFLAZACORT TABLETAS 6 MG,8170,Nombre común,LABORATORIO PROFESIONAL FARMACEUTICO S.A.. LAPROFF S.A
20073358,DEFLAZACORT TABLETAS 6 MG,8170,Nombre común,LABORATORIO PROFESIONAL FARMACEUTICO S.A.. LAPROFF S.A
20075967,HIVATAX 300 MG CAPSULAS,9780,Marca,SALUS PHARMA LABS. S.A.S
20077143,ASUMATE ®20,5901,Marca,EXELTIS S.A.S.
20077143,ASUMATE ®20,5901,Marca,EXELTIS S.A.S.
20077143,ASUMATE ®20,5901,Marca,EXELTIS S.A.S.
20077143,ASUMATE ®20,5901,Marca,EXELTIS S.A.S.
20077143,ASUMATE ®20,5901,Marca,EXELTIS S.A.S.
20077143,ASUMATE ®20,5901,Marca,EXELTIS S.A.S.
20077143,ASUMATE ®20,5901,Marca,EXELTIS S.A.S.
20077143,ASUMATE ®20,5901,Marca,EXELTIS S.A.S.
20077143,ASUMATE ®20,5901,Marca,EXELTIS S.A.S.
20077143,ASUMATE ®20,5901,Marca,EXELTIS S.A.S.
20077143,ASUMATE ®20,5901,Marca,EXELTIS S.A.S.
20077143,ASUMATE ®20,5901,Marca,EXELTIS S.A.S.
20077143,ASUMATE ®20,5901,Marca,EXELTIS S.A.S.
20077143,ASUMATE ®20,5901,Marca,EXELTIS S.A.S.
20077143,ASUMATE ®20,5901,Marca,EXELTIS S.A.S.
20077143,ASUMATE ®20,5901,Marca,EXELTIS S.A.S.
20077143,ASUMATE ®20,5901,Marca,EXELTIS S.A.S.
20077143,ASUMATE ®20,5901,Marca,EXELTIS S.A.S.
20077143,ASUMATE ®20,5901,Marca,EXELTIS S.A.S.
20077143,ASUMATE ®20,5901,Marca,EXELTIS S.A.S.
20077143,ASUMATE ®20,5901,Marca,EXELTIS S.A.S.
20077143,ASUMATE ®20,5901,Marca,EXELTIS S.A.S.
20077143,ASUMATE ®20,5901,Marca,EXELTIS S.A.S.
20077143,ASUMATE ®20,5901,Marca,EXELTIS S.A.S.
20077690,VALSAD® 160 MG TABLETAS,9632,Marca,DUMIAN MEDICAL S.A.S.
20077690,VALSAD® 160 MG TABLETAS,9632,Marca,DUMIAN MEDICAL S.A.S.
20079790,IMMUNEX® TABLETA RECUBIERTA,9334,Marca,NOVAMED S.A.
20080147,CERCIORAT ® 0.75 MG,6100,Marca,GLOBAL INTERNATIONAL MEDICINE S.A.S- GIMED S.A.S
20080147,CERCIORAT ® 0.75 MG,6100,Marca,GLOBAL INTERNATIONAL MEDICINE S.A.S- GIMED S.A.S
20080147,CERCIORAT ® 0.75 MG,6100,Marca,GLOBAL INTERNATIONAL MEDICINE S.A.S- GIMED S.A.S
20080460,CANDESARTAN 16 MG,8010,Nombre común,TECNOQUIMICAS S.A.
20080460,CANDESARTAN 16 MG,8010,Nombre común,TECNOQUIMICAS S.A.
20080460,CANDESARTAN 16 MG,8010,Nombre común,TECNOQUIMICAS S.A.
20080460,CANDESARTAN 16 MG,8010,Nombre común,TECNOQUIMICAS S.A.
20080460,CANDESARTAN 16 MG,8010,Nombre común,TECNOQUIMICAS S.A.
20080460,CANDESARTAN 16 MG,5607,Nombre común,TECNOQUIMICAS S.A.
20080460,CANDESARTAN 16 MG,5607,Nombre común,TECNOQUIMICAS S.A.
20080461,CANDESARTAN 8 MG,9950,Nombre común,TECNOQUIMICAS S.A.
20080461,CANDESARTAN 8 MG,9950,Nombre común,TECNOQUIMICAS S.A.
20080461,CANDESARTAN 8 MG,8358,Nombre común,TECNOQUIMICAS S.A.
20080461,CANDESARTAN 8 MG,8358,Nombre común,TECNOQUIMICAS S.A.
20080461,CANDESARTAN 8 MG,8358,Nombre común,TECNOQUIMICAS S.A.
20080461,CANDESARTAN 8 MG,7960,Nombre común,TECNOQUIMICAS S.A.
20080461,CANDESARTAN 8 MG,7960,Nombre común,TECNOQUIMICAS S.A.
20080461,CANDESARTAN 8 MG,7960,Nombre común,TECNOQUIMICAS S.A.
20080461,CANDESARTAN 8 MG,7960,Nombre común,TECNOQUIMICAS S.A.
20080461,CANDESARTAN 8 MG,7960,Nombre común,TECNOQUIMICAS S.A.
20080461,CANDESARTAN 8 MG,5970,Nombre común,TECNOQUIMICAS S.A.
20080461,CANDESARTAN 8 MG,5970,Nombre común,TECNOQUIMICAS S.A.
20080461,CANDESARTAN 8 MG,5572,Nombre común,TECNOQUIMICAS S.A.
20080461,CANDESARTAN 8 MG,5572,Nombre común,TECNOQUIMICAS S.A.
20080461,CANDESARTAN 8 MG,5572,Nombre común,TECNOQUIMICAS S.A.
20080581,TELMISARTAN 80 MG,9015,Nombre común,TECNOQUIMICAS S.A.
20080581,TELMISARTAN 80 MG,9015,Nombre común,TECNOQUIMICAS S.A.
20080581,TELMISARTAN 80 MG,8414,Nombre común,TECNOQUIMICAS S.A.
20080581,TELMISARTAN 80 MG,8414,Nombre común,TECNOQUIMICAS S.A.
20080581,TELMISARTAN 80 MG,8414,Nombre común,TECNOQUIMICAS S.A.
20080581,TELMISARTAN 80 MG,6010,Nombre común,TECNOQUIMICAS S.A.
20080581,TELMISARTAN 80 MG,6010,Nombre común,TECNOQUIMICAS S.A.
20080581,TELMISARTAN 80 MG,6010,Nombre común,TECNOQUIMICAS S.A.
20080581,TELMISARTAN 80 MG,6010,Nombre común,TECNOQUIMICAS S.A.
20080581,TELMISARTAN 80 MG,6010,Nombre común,TECNOQUIMICAS S.A.
20080978,ADLERSARTAN 20 MG,7770,Marca,ADLER PHARMA DE COLOMBIA S.A.S
20080978,ADLERSARTAN 20 MG,7770,Marca,ADLER PHARMA DE COLOMBIA S.A.S
20081752,VESICARE ® 5 MG TABLETAS RECUBIERTAS,7804,Marca,ASTELLAS PHARMA US. INC.
20084046,MONTELUKAST 5 MG,5215,Nombre común,MOMENTA FARMACEUTICA S.A.S
20084049,MONTELUKAST 4 MG,7610,Nombre común,MOMENTA FARMACEUTICA S.A.S
20084580,MOXIFEN® 400 TABLETA RECUBIERTA,9755,Marca,LABORATORIOS LEGRAND S.A.
20084580,MOXIFEN® 400 TABLETA RECUBIERTA,9755,Marca,LABORATORIOS LEGRAND S.A.
20084580,MOXIFEN® 400 TABLETA RECUBIERTA,5853,Marca,LABORATORIOS LEGRAND S.A.
20084656,GENOPRESIN 120 MCG TABLETAS ORODISPERSABLES,5565,Marca,LABORATORIO FRANCO COLOMBIANO LAFRANCOL S.A.S.
20084656,GENOPRESIN 120 MCG TABLETAS ORODISPERSABLES,5565,Marca,LABORATORIO FRANCO COLOMBIANO LAFRANCOL S.A.S.
20086950,CARVEDILOL 12.5 MG TABLETA RECUBIERTA.,7940,Nombre común,LABORATORIOS LA SANTÉ S.A.
20086955,CARVEDILOL 6.25 MG TABLETAS RECUBIERTAS.,5940,Nombre común,LABORATORIOS LA SANTÉ S.A.
20086955,CARVEDILOL 6.25 MG TABLETAS RECUBIERTAS.,5940,Nombre común,LABORATORIOS LA SANTÉ S.A.
20087007,TEROTOL 4 MG,5334,Marca,PROCAPS S.A.
20089803,OLMEDOXTAN® 20 MG,6370,Marca,HETERO LABS LIMITED
20089803,OLMEDOXTAN® 20 MG,6370,Marca,HETERO LABS LIMITED
20089806,OLMEDOXTAN® 40 MG,10000,Marca,HETERO LABS LIMITED
20089806,OLMEDOXTAN® 40 MG,10000,Marca,HETERO LABS LIMITED
20089833,ASTIGMIN 9.5 MG/24H,9600,Marca,HUMAX PHARMACEUTICAL S.A.
20089833,ASTIGMIN 9.5 MG/24H,9600,Marca,HUMAX PHARMACEUTICAL S.A.
20090945,EPILFARMO 30 MG,10000,Marca,ALTADIS FARMACEUTICA S.A.S.
20090945,EPILFARMO 30 MG,5000,Marca,ALTADIS FARMACEUTICA S.A.S.
20090945,EPILFARMO 30 MG,5000,Marca,ALTADIS FARMACEUTICA S.A.S.
20090945,EPILFARMO 30 MG,5000,Marca,ALTADIS FARMACEUTICA S.A.S.
20090993,METOPROLOL TARTRATO 50 MG TABLETAS RECUBIERTAS,9800,Nombre común,N.T.I. NEW TRADE INTERNATIONAL SOCIEDAD POR ACCIONES SIMPLIFICADA. N.T.I S.A.S
20090993,METOPROLOL TARTRATO 50 MG TABLETAS RECUBIERTAS,5880,Nombre común,N.T.I. NEW TRADE INTERNATIONAL SOCIEDAD POR ACCIONES SIMPLIFICADA. N.T.I S.A.S
20091048,CARPIX® TABLETA RECUBIERTA,5900,Marca,LABORATORIOS LEGRAND S.A.
20091048,CARPIX® TABLETA RECUBIERTA,5900,Marca,LABORATORIOS LEGRAND S.A.
20091819,PREGABALINA CAPSULAS 150 MG,9450,Nombre común,LABORATORIOS ECAR S.A
20091819,PREGABALINA CAPSULAS 150 MG,6615,Nombre común,LABORATORIOS ECAR S.A
20091820,PREGABALINA CAPSULAS 75 MG,9660,Nombre común,LABORATORIOS ECAR S.A
20091820,PREGABALINA CAPSULAS 75 MG,6762,Nombre común,LABORATORIOS ECAR S.A
20091820,PREGABALINA CAPSULAS 75 MG,6762,Nombre común,LABORATORIOS ECAR S.A
20092750,PRAZOLAR,5040,Marca,CIPLA LTD
20093157,EPIBALIN 300 MG CAPSULAS,8830,Marca,MSN LABORATORIES PRIVATE LIMITED
20093157,EPIBALIN 300 MG CAPSULAS,8830,Marca,MSN LABORATORIES PRIVATE LIMITED
20093306,TIQUEPIN® 25 MG TABLETAS RECUBIERTAS,7200,Marca,HETERO LABS LIMITED
20093306,TIQUEPIN® 25 MG TABLETAS RECUBIERTAS,7200,Marca,HETERO LABS LIMITED
20093311,TIQUEPIN 100 MG,9000,Marca,HETERO LABS LIMITED
20094213,BISOPROLOL 2.5 MG,9060,Nombre común,LABORATORIOS MK S.A.S.
20094213,BISOPROLOL 2.5 MG,9060,Nombre común,LABORATORIOS MK S.A.S.
20094213,BISOPROLOL 2.5 MG,9060,Nombre común,LABORATORIOS MK S.A.S.
20094560,RITONAVIR 100 MG TABLETAS,9450,Nombre común,SALUSPHARMA LABS S.A.S
20094560,RITONAVIR 100 MG TABLETAS,7560,Nombre común,SALUSPHARMA LABS S.A.S
20094560,RITONAVIR 100 MG TABLETAS,5670,Nombre común,SALUSPHARMA LABS S.A.S
20096167,NEBIVOLOL 5 MG,8130,Nombre común,LABORATORIOS MK S.A.S. CARRERA 6 NO. 23 - 30 CALI - VALLE
20096167,NEBIVOLOL 5 MG,8130,Nombre común,LABORATORIOS MK S.A.S. CARRERA 6 NO. 23 - 30 CALI - VALLE
20096230,VESICARE ® 10 MG TABLETAS RECUBIERTAS,9144,Marca,ASTELLAS PHARMA US. INC.
20096371,BISOPROLOL TABLETAS RECUBIERTAS 5 MG,8470,Nombre común,GENFAR S.A.
20096371,BISOPROLOL TABLETAS RECUBIERTAS 5 MG,6050,Nombre común,GENFAR S.A.
20096371,BISOPROLOL TABLETAS RECUBIERTAS 5 MG,6050,Nombre común,GENFAR S.A.
20096587,SITOGREN 5 MG TABLETAS RECUBIERTAS,6000,Marca,BECHEMICAL S.A.S.
20096706,MYRBETRIC® 25 MG TABLETAS DE LIBERACION PROLONGADA.,9759,Marca,ASTELLAS PHARMA US. INC
20097543,IRBEPREX 150 MG TABLETAS,9885,Marca,SCANDINAVIA PHARMA LTDA.
20097543,IRBEPREX 150 MG TABLETAS,9885,Marca,SCANDINAVIA PHARMA LTDA.
20097936,IRBEVITAE® 150 MG COMPRIMIDOS RECUBIERTOS.,7399,Marca,GALENICUM HEALTH COLOMBIA S.A.S
20097936,IRBEVITAE® 150 MG COMPRIMIDOS RECUBIERTOS.,7399,Marca,GALENICUM HEALTH COLOMBIA S.A.S
20097936,IRBEVITAE® 150 MG COMPRIMIDOS RECUBIERTOS.,7399,Marca,GALENICUM HEALTH COLOMBIA S.A.S
20099554,UNDIAD 0.75 MG TABLETAS,10000,Marca,ASOCIACION PROBIENESTAR DE LA FAMILIA COLOMBIANA  PROFAMILIA
20099554,ONIVE 2® 0.75 MG TABLETAS,10000,Marca,ASOCIACION PROBIENESTAR DE LA FAMILIA COLOMBIANA  PROFAMILIA
20099612,CARVEDILOL 6.25 MG,7410,Nombre común,TECNOQUIMICAS S.A.
20099612,CARVEDILOL 6.25 MG,7410,Nombre común,TECNOQUIMICAS S.A.
20099612,CARVEDILOL 6.25 MG,7410,Nombre común,TECNOQUIMICAS S.A.
20099612,CARVEDILOL 6.25 MG,7410,Nombre común,TECNOQUIMICAS S.A.
20099612,CARVEDILOL 6.25 MG,7410,Nombre común,TECNOQUIMICAS S.A.
20099612,CARVEDILOL 6.25 MG,7410,Nombre común,TECNOQUIMICAS S.A.
20099612,CARVEDILOL 6.25 MG,6916,Nombre común,TECNOQUIMICAS S.A.
20099612,CARVEDILOL 6.25 MG,6916,Nombre común,TECNOQUIMICAS S.A.
20100771,CLEMBROXOL® 320 MG TABLETAS RECUBIERTAS,6398,Marca,ALTADIS FARMACEUTICA S.A.S.
20101576,RAZATEC® 1 MG TABLETAS,7590,Marca,XINETIX PHARMA SAS
20101576,RAZATEC® 1 MG TABLETAS,7590,Marca,XINETIX PHARMA SAS
20103221,CERCIORAT® 0.75 MG TABLETAS,9900,Marca,EXELTIS S.A.S.
20103221,CERCIORAT® 0.75 MG TABLETAS,7920,Marca,EXELTIS S.A.S.
20103221,CERCIORAT® 0.75 MG TABLETAS,5940,Marca,EXELTIS S.A.S.
20103364,BISOPROLOL FUMARATO 2.5 MG TABLETAS RECUBIERTAS,9570,Nombre común,GENFAR S.A.
20103364,BISOPROLOL FUMARATO 2.5 MG TABLETAS RECUBIERTAS,9570,Nombre común,GENFAR S.A.
20103364,BISOPROLOL FUMARATO 2.5 MG TABLETAS RECUBIERTAS,9570,Nombre común,GENFAR S.A.
20103364,BISOPROLOL FUMARATO 2.5 MG TABLETAS RECUBIERTAS,9570,Nombre común,GENFAR S.A.
20103364,BISOPROLOL FUMARATO 2.5 MG TABLETAS RECUBIERTAS,9570,Nombre común,GENFAR S.A.
20103364,BISOPROLOL FUMARATO 2.5 MG TABLETAS RECUBIERTAS,8932,Nombre común,GENFAR S.A.
20103364,BISOPROLOL FUMARATO 2.5 MG TABLETAS RECUBIERTAS,6380,Nombre común,GENFAR S.A.
20103742,SERECOR® FORTE DPI 100,5686,Marca,NOVAMED S.A.
20103742,SERECOR® FORTE DPI 100,5686,Marca,NOVAMED S.A.
20103742,SERECOR® FORTE DPI 100,5686,Marca,NOVAMED S.A.
20103742,SERECOR® FORTE DPI 100,5686,Marca,NOVAMED S.A.
20103748,SERECOR® FORTE DPI 250,6426,Marca,NOVAMED S.A.
20103748,SERECOR® FORTE DPI 250,6426,Marca,NOVAMED S.A.
20103748,SERECOR® FORTE DPI 250,6426,Marca,NOVAMED S.A.
20103748,SERECOR® FORTE DPI 250,6426,Marca,NOVAMED S.A.
20103886,NEBIVOLOL 5 MG TABLETAS.,7970,Nombre común,GENFAR S.A.
20103886,NEBIVOLOL 5 MG TABLETAS.,6376,Nombre común,GENFAR S.A.
20104026,PROCLOR® 75 MG CAPSULA,8211,Marca,ALTADIS FARMACEUTICA S.A.S.
20104026,PROCLOR® 75 MG CAPSULA,8211,Marca,ALTADIS FARMACEUTICA S.A.S.
20104270,LINADEX®,9960,Marca,BIOCHEM FARMACEUTICA DE COLOMBIA S.A.
20104410,NEURACT ®,9800,Marca,PROCAPS S.A.
20105963,CARVEDILOL 25 MG,8580,Nombre común,LABORATORIOS MK S.A.S.
20105963,CARVEDILOL 25 MG,8580,Nombre común,LABORATORIOS MK S.A.S.
20105963,CARVEDILOL 25 MG,8580,Nombre común,LABORATORIOS MK S.A.S.
20105963,CARVEDILOL 25 MG,8008,Nombre común,LABORATORIOS MK S.A.S.
20105963,CARVEDILOL 25 MG,8008,Nombre común,LABORATORIOS MK S.A.S.
20105963,CARVEDILOL 25 MG,5720,Nombre común,LABORATORIOS MK S.A.S.
20105963,CARVEDILOL 25 MG,5720,Nombre común,LABORATORIOS MK S.A.S.
20105963,CARVEDILOL 25 MG,5720,Nombre común,LABORATORIOS MK S.A.S.
20105963,CARVEDILOL 25 MG,5720,Nombre común,LABORATORIOS MK S.A.S.
20105963,CARVEDILOL 25 MG,5720,Nombre común,LABORATORIOS MK S.A.S.
20106305,CORBIS 2.5 TABLETAS RECUBIERTAS.,6510,Marca,LABORATORIOS SIEGFRIED S.A.S
20106318,RACORVAL A 80 MG COMPRIMIDO RECUBIERTO,6216,Marca,LABORATORIOS SIEGFRIED S.A.S
20108801,COSAMIDE 100 MG TABLETA CUBIERTA,8450,Marca,XINETIX PHARMA SAS
20108801,COSAMIDE 100 MG TABLETA CUBIERTA,6760,Marca,XINETIX PHARMA SAS
20108801,COSAMIDE 100 MG TABLETA CUBIERTA,5070,Marca,XINETIX PHARMA SAS
20109085,CINACRED 30 MG TABLETAS,9300,Marca,DR. REDDY'S LABORATORIES LIMITED
20109085,CINACRED 30 MG TABLETAS,9300,Marca,DR. REDDY'S LABORATORIES LIMITED
20109085,CINACRED 30 MG TABLETAS,9300,Marca,DR. REDDY'S LABORATORIES LIMITED
20109085,CINACRED 30 MG TABLETAS,6510,Marca,DR. REDDY'S LABORATORIES LIMITED
20109085,CINACRED 30 MG TABLETAS,6510,Marca,DR. REDDY'S LABORATORIES LIMITED
20109085,CINACRED 30 MG TABLETAS,6510,Marca,DR. REDDY'S LABORATORIES LIMITED
20109859,ENITRAX®,8828,Marca,PROCAPS S.A.
20109859,ENITRAX®,8828,Marca,PROCAPS S.A.
20109859,ENITRAX®,6621,Marca,PROCAPS S.A.
20111857,ZOPLIMAX 3,6376,Marca,MEGA LABS S.A.
20111857,ZOPLIMAX® 3,6376,Marca,MEGA LABS S.A.
20111858,ZOPLIMAX 2,5382,Marca,MEGA LABS S.A.
20113369,BIOSMER 1 G VIAL,7850,Marca,BIOSELECT S.A.C.I.
20113443,REGULANE 3 MG TABLETA RECUBIERTA,8800,Marca,LABORATORIO INTERNACIONAL DE COLOMBIA S.A.S - LABINCO S.A.S
20113677,SALIVIA® 5 MG TABLETAS,8745,Marca,NOVAMED S.A.
20113677,SALIVIA® 5 MG TABLETAS,5830,Marca,NOVAMED S.A.
20114541,ARTRO - M CAPSULAS,7870,Marca,BECHEMICAL S.A.S.
20114541,ARTRO - M CAPSULAS,7870,Marca,BECHEMICAL S.A.S.
20114550,NEUCLER® 200 MG,7680,Marca,PROCAPS S.A.
20114550,NEUCLER® 200 MG,7168,Marca,PROCAPS S.A.
20117362,TIMOL-OFT® SOLUCION OFTALMICA.,8571,Marca,QUIRUPOS S.A.S.
20117784,OLMESARTÁN MEDOXOMIL 20 MG TABLETA RECUBIERTA  1O1005781001,5780,Nombre común,AMERICAN GENERICS S.A.S.
20117787,OLMESARTAN MEDOXOMIL 40 MG TABLETA RECUBIERTA,8280,Nombre común,AMERICAN GENERICS S.A.S.
20117787,OLMESARTAN MEDOXOMIL 40 MG TABLETA RECUBIERTA,8280,Nombre común,AMERICAN GENERICS S.A.S.
20131111,PERDU,5082,Marca,MEDPHARMA S.A.S.
20131111,PERDU,5082,Marca,MEDPHARMA S.A.S.
20136000,CELECOXIB 200 MG,5884,Nombre común,MOMENTA FARMACEUTICA S.A.S
20136000,CELECOXIB 200 MG,5884,Nombre común,MOMENTA FARMACEUTICA S.A.S
20144863,IRBESARTAN 150 MG,9200,Nombre Común,LABORATORIOS ECAR S.A.
20144864,IRBESARTAN TABLETA 300 MG,7800,Nombre común,LABORATORIOS ECAR S.A.
20144864,IRBESARTAN TABLETA 300 MG,5460,Nombre común,LABORATORIOS ECAR S.A.
20155932,DARUNAVIR 800 MG,6990,Nombre común,CLINICOS Y HOSPITALARIOS DE COLOMBIA S.A.
20157447,SYVIMOL ® 0.5% SOLUCIÓN OFTÁLMICA,5634,Marca,SYV PHARMA S.A.S.
20163351,TIARE® TABLETAS 90 MG,6180,Marca,MSN LABORATORIES PRIVATE LIMITED
